img_id	confidence	recall	area
biodiversity_0001	0.893938	0.973074	0.00510025
biodiversity_0002	0.940783	0.984525	0.00517654
biodiversity_0005	0.762689	0.794946	0.05283356
biodiversity_0006	0.820761	0.852273	0.04867554
biodiversity_0007	0.838927	0.868603	0.03414154
biodiversity_0016	0.511414	0.564457	0.03775787
biodiversity_0017	0.402086	0.452705	0.01036453
biodiversity_0019	0.718651	0.791052	0.00827026
biodiversity_0021	0.920871	0.941894	0.25557709
biodiversity_0022	0.865181	0.892855	0.10431671
biodiversity_0024	0.873108	0.903519	0.06081009
biodiversity_0027	0.723948	0.754047	0.12772369
biodiversity_0028	0.679456	0.716906	0.08380127
biodiversity_0031	0.455534	0.501929	0.01285172
biodiversity_0032	0.758015	0.769240	0.03231812
biodiversity_0034	0.646375	0.732183	0.02231979
biodiversity_0035	0.311367	0.339942	0.02231979
biodiversity_0043	0.783990	0.845918	0.01616669
biodiversity_0047	0.920561	0.960413	0.02881241
biodiversity_0049	0.767510	0.792040	0.07245636
biodiversity_0050	0.767122	0.793330	0.08601379
biodiversity_0051	0.754849	0.788966	0.05455399
biodiversity_0052	0.783936	0.824680	0.05304718
biodiversity_0053	0.804079	0.837740	0.03679276
biodiversity_0060	0.808843	0.880145	0.01260376
biodiversity_0064	0.678233	0.707184	0.06361389
biodiversity_0065	0.662762	0.696575	0.03107834
biodiversity_0066	0.767288	0.793460	0.05051422
biodiversity_0068	0.694472	0.738299	0.05249023
biodiversity_0069	0.831186	0.858532	0.08078766
biodiversity_0070	0.813040	0.844780	0.06515121
biodiversity_0075	0.676719	0.721181	0.10685349
biodiversity_0079	0.316021	0.310185	0.00659180
biodiversity_0080	0.598963	0.668827	0.02648163
biodiversity_0089	0.740929	0.830346	0.01915741
biodiversity_0091	0.986819	1.000000	0.01984024
biodiversity_0092	0.890612	0.955966	0.02269745
biodiversity_0094	0.895001	0.932960	0.04694366
biodiversity_0095	0.917924	0.943513	0.09420776
biodiversity_0099	0.898106	0.927671	0.04662323
biodiversity_0100	0.878708	0.903233	0.07009125
biodiversity_0107	0.847834	0.896138	0.02321243
biodiversity_0109	0.817594	0.846792	0.07397461
biodiversity_0110	0.751294	0.785879	0.16041183
biodiversity_0111	0.660703	0.694937	0.09967422
biodiversity_0115	0.491887	0.531125	0.00955963
biodiversity_0116	0.555030	0.593411	0.02674866
biodiversity_0117	0.694688	0.748130	0.03468323
biodiversity_0119	0.453562	0.524845	0.00491333
biodiversity_0120	0.595652	0.621811	0.04410934
biodiversity_0121	0.658554	0.693867	0.16987991
biodiversity_0122	0.726418	0.769864	0.13068390
biodiversity_0124	0.110782	0.086265	0.01583099
biodiversity_0126	0.460574	0.508910	0.01498413
biodiversity_0128	0.731721	0.784339	0.03921509
biodiversity_0129	0.796413	0.910490	0.00818253
biodiversity_0136	0.667293	0.751295	0.02429581
biodiversity_0137	0.576789	0.662427	0.02429581
biodiversity_0138	0.987046	1.000000	0.02576447
biodiversity_0141	0.934982	0.976928	0.02843857
biodiversity_0142	0.928890	0.965338	0.04622269
biodiversity_0143	0.966263	0.983457	0.02259827
biodiversity_0146	0.915059	0.947407	0.04627609
biodiversity_0147	0.830433	0.860345	0.09735107
biodiversity_0148	0.774609	0.799537	0.05107498
biodiversity_0153	0.886641	0.925743	0.02167892
biodiversity_0154	0.851916	0.888001	0.03198242
biodiversity_0155	0.817146	0.883921	0.01288223
biodiversity_0156	0.629465	0.762082	0.01128769
biodiversity_0158	0.608740	0.647896	0.06516647
biodiversity_0159	0.703382	0.744569	0.03635025
biodiversity_0160	0.418783	0.443872	0.01036453
biodiversity_0163	0.821024	0.862843	0.01223755
biodiversity_0172	0.700801	0.750842	0.08380890
biodiversity_0173	0.643875	0.673118	0.17126846
biodiversity_0174	0.690381	0.712258	0.14486313
biodiversity_0176	0.865269	0.932290	0.01949310
biodiversity_0184	0.603286	0.665597	0.03923035
biodiversity_0185	0.820405	0.866206	0.05134964
biodiversity_0186	0.800585	0.840529	0.05796051
biodiversity_0187	0.696268	0.743539	0.01535034
biodiversity_0188	0.674253	0.784258	0.00935364
biodiversity_0194	0.784002	0.809843	0.14804840
biodiversity_0195	0.775534	0.798033	0.04963684
biodiversity_0196	0.122293	0.000000	0.00002670
biodiversity_0198	0.493228	0.519310	0.02321243
biodiversity_0199	0.841228	0.870660	0.04152679
biodiversity_0200	0.867873	0.896590	0.05157089
biodiversity_0202	0.854989	0.928864	0.01769638
biodiversity_0205	0.756780	0.802460	0.03721237
biodiversity_0206	0.648076	0.726796	0.02256393
biodiversity_0207	0.738886	0.785193	0.00680161
biodiversity_0210	0.846642	0.873255	0.01038361
biodiversity_0211	0.937077	0.959956	0.04906082
biodiversity_0212	0.952528	0.979304	0.03870773
biodiversity_0213	0.067925	0.000000	0.00003052
biodiversity_0214	0.788936	0.836972	0.01048279
biodiversity_0215	0.720328	0.777538	0.03542709
biodiversity_0217	0.537594	0.643534	0.01770020
biodiversity_0218	0.394184	0.484606	0.00619507
biodiversity_0220	0.699038	0.730435	0.16835785
biodiversity_0221	0.700669	0.726308	0.12764359
biodiversity_0222	0.775934	0.801141	0.05148697
biodiversity_0223	0.925373	0.958283	0.02853012
biodiversity_0224	0.958869	0.972121	0.03571320
biodiversity_0225	0.820199	0.870050	0.01849365
biodiversity_0228	0.799977	0.824300	0.06291962
biodiversity_0229	0.832642	0.872258	0.09965134
biodiversity_0230	0.783662	0.833462	0.11856079
biodiversity_0231	0.770649	0.818525	0.07083893
biodiversity_0232	0.797188	0.828752	0.06869888
biodiversity_0233	0.854827	0.887634	0.10069275
biodiversity_0234	0.818944	0.853701	0.04211044
biodiversity_0235	0.856289	0.879126	0.04992676
biodiversity_0237	0.135261	0.146789	0.00166321
biodiversity_0240	0.789353	0.814981	0.11168671
biodiversity_0242	0.861762	0.875140	0.03733444
biodiversity_0243	0.139927	0.000000	0.00002670
biodiversity_0245	0.667224	0.751603	0.02498627
biodiversity_0246	0.810232	0.840246	0.04396057
biodiversity_0247	0.829075	0.863664	0.04336929
biodiversity_0248	0.821533	0.877175	0.05217743
biodiversity_0249	0.772454	0.813895	0.04068756
biodiversity_0251	0.789440	0.846192	0.01527786
biodiversity_0252	0.792681	0.834824	0.00810623
biodiversity_0253	0.719227	0.759394	0.00680161
biodiversity_0260	0.712882	0.810919	0.00572968
biodiversity_0262	0.824373	0.853599	0.13731766
biodiversity_0264	0.688243	0.785127	0.02410889
biodiversity_0266	0.692749	0.789577	0.00775909
biodiversity_0268	0.800217	0.842122	0.01193619
biodiversity_0269	0.856175	0.901771	0.00904846
biodiversity_0271	0.762866	0.786581	0.08897781
biodiversity_0272	0.748905	0.762584	0.09571457
biodiversity_0273	0.792212	0.810295	0.11731339
biodiversity_0274	0.797273	0.827424	0.11823654
biodiversity_0278	0.827924	0.872855	0.04713440
biodiversity_0280	0.909965	0.939231	0.07011795
biodiversity_0281	0.942034	0.976072	0.03060913
biodiversity_0283	0.193476	0.164602	0.00954819
biodiversity_0284	0.228823	0.254587	0.00166321
biodiversity_0285	0.764705	0.840839	0.00745392
biodiversity_0286	0.763678	0.825486	0.00745392
biodiversity_0287	0.819864	0.862720	0.04387665
biodiversity_0291	0.518088	0.716129	0.00177383
biodiversity_0296	0.769601	0.784439	0.04956818
biodiversity_0302	0.100447	0.000000	0.00011063
biodiversity_0306	0.876168	0.900788	0.11334991
biodiversity_0307	0.730789	0.771357	0.01987076
biodiversity_0308	0.653043	0.693772	0.00440979
biodiversity_0309	0.728729	0.751802	0.15615463
biodiversity_0310	0.723439	0.742963	0.16412735
biodiversity_0312	0.837003	0.866589	0.02624893
biodiversity_0315	0.807453	0.837274	0.10277176
biodiversity_0316	0.797707	0.821589	0.08764267
biodiversity_0317	0.747016	0.769480	0.15313721
biodiversity_0318	0.671336	0.694980	0.14991379
biodiversity_0319	0.740785	0.756890	0.13384628
biodiversity_0320	0.816741	0.840118	0.20962906
biodiversity_0321	0.808340	0.835448	0.15240097
biodiversity_0324	0.128064	0.000000	0.00049210
biodiversity_0325	0.634674	0.687244	0.01211166
biodiversity_0329	0.712088	0.835118	0.00356293
biodiversity_0332	0.690219	0.766421	0.00981522
biodiversity_0333	0.903093	0.938680	0.07857132
biodiversity_0334	0.894729	0.933473	0.13669968
biodiversity_0343	0.906242	0.927436	0.03911209
biodiversity_0354	0.774877	0.803358	0.06793594
biodiversity_0357	0.663544	0.702518	0.12924576
biodiversity_0358	0.645379	0.670387	0.05673218
biodiversity_0361	0.793814	0.818352	0.22793961
biodiversity_0362	0.789053	0.818702	0.13062286
biodiversity_0363	0.809517	0.829588	0.07859421
biodiversity_0364	0.736246	0.758656	0.16702271
biodiversity_0365	0.679497	0.691145	0.14212418
biodiversity_0368	0.746406	0.767898	0.11360168
biodiversity_0374	0.787192	0.821263	0.03039169
biodiversity_0375	0.839681	0.882445	0.01959991
biodiversity_0376	0.879451	0.918754	0.07554626
biodiversity_0377	0.860843	0.892422	0.08794022
biodiversity_0378	0.796216	0.817201	0.07846451
biodiversity_0379	0.851669	0.884288	0.10308838
biodiversity_0380	0.889725	0.926233	0.15451813
biodiversity_0381	0.886589	0.920118	0.20004272
biodiversity_0388	0.490150	0.526589	0.03235245
biodiversity_0389	0.646307	0.685662	0.00415039
biodiversity_0391	0.886087	0.916975	0.05361938
biodiversity_0396	0.861723	0.928402	0.01928711
biodiversity_0398	0.835507	0.970768	0.01122284
biodiversity_0399	0.885059	0.919690	0.03932953
biodiversity_0401	0.800677	0.835533	0.05376434
biodiversity_0404	0.762393	0.803630	0.08050156
biodiversity_0405	0.530821	0.563468	0.05394363
biodiversity_0406	0.690659	0.733766	0.03765488
biodiversity_0411	0.845511	0.859156	0.04547501
biodiversity_0412	0.852534	0.861085	0.04547501
biodiversity_0415	0.685315	0.711101	0.07717896
biodiversity_0422	0.727463	0.768616	0.01050186
biodiversity_0424	0.920879	0.946703	0.17285156
biodiversity_0426	0.841379	0.873352	0.09753036
biodiversity_0427	0.888388	0.922188	0.08020401
biodiversity_0428	0.887217	0.913083	0.08295059
biodiversity_0429	0.864612	0.900453	0.07836533
biodiversity_0430	0.806713	0.862121	0.02528763
biodiversity_0433	0.002474	0.000000	0.00368881
biodiversity_0436	0.569831	0.636029	0.00415039
biodiversity_0437	0.814337	0.864587	0.04450989
biodiversity_0438	0.845296	0.885432	0.07711411
biodiversity_0439	0.883902	0.925822	0.03260422
biodiversity_0443	0.865878	0.901269	0.09887314
biodiversity_0451	0.404193	0.472114	0.00588226
biodiversity_0455	0.817567	0.844446	0.14039612
biodiversity_0456	0.843468	0.885901	0.04837799
biodiversity_0457	0.798011	0.870808	0.00693893
biodiversity_0462	0.771027	0.793382	0.06236649
biodiversity_0463	0.712675	0.776901	0.01208878
biodiversity_0469	0.430963	0.509485	0.00140762
biodiversity_0470	0.936087	0.957622	0.13547516
biodiversity_0472	0.564828	0.810427	0.00080490
biodiversity_0475	0.747368	0.800145	0.01051712
biodiversity_0481	0.445673	0.517172	0.01699448
biodiversity_0482	0.577506	0.646914	0.01699448
biodiversity_0485	0.686984	0.728257	0.04298401
biodiversity_0486	0.753657	0.783471	0.02769470
biodiversity_0492	0.769109	0.797984	0.08214188
biodiversity_0493	0.895609	0.925111	0.11929703
biodiversity_0495	0.011431	0.000000	0.00182343
biodiversity_0500	0.028867	0.000000	0.01202011
biodiversity_0501	0.797818	0.827299	0.09513474
biodiversity_0502	0.812012	0.837481	0.08996964
biodiversity_0503	0.908503	0.939083	0.03162384
biodiversity_0508	0.836823	0.876156	0.16085052
biodiversity_0509	0.751688	0.802418	0.25340271
biodiversity_0515	0.182955	0.206275	0.00486374
biodiversity_0516	0.485056	0.590588	0.00486374
biodiversity_0518	0.890940	0.941087	0.03017426
biodiversity_0522	0.812245	0.838222	0.00429153
biodiversity_0523	0.876941	0.900542	0.04786682
biodiversity_0524	0.869801	0.895999	0.04357529
biodiversity_0532	0.820020	0.856313	0.04399109
biodiversity_0536	0.802360	0.833792	0.13449478
biodiversity_0537	0.882442	0.918706	0.19295502
biodiversity_0540	0.860091	0.891134	0.10347366
biodiversity_0542	0.809454	0.821680	0.02984238
biodiversity_0547	0.396937	0.399202	0.02965164
biodiversity_0548	0.591189	0.612572	0.07209396
biodiversity_0549	0.744286	0.772425	0.04244232
biodiversity_0554	0.008653	0.000000	0.00392532
biodiversity_0555	0.803243	0.844891	0.24802780
biodiversity_0562	0.415607	0.463543	0.01449203
biodiversity_0564	0.847587	0.921653	0.02556229
biodiversity_0565	0.907103	0.955437	0.02354050
biodiversity_0566	0.732014	0.831547	0.00249100
biodiversity_0569	0.845453	0.915685	0.00809860
biodiversity_0571	0.866070	0.888657	0.12964249
biodiversity_0579	0.835003	0.859964	0.11667252
biodiversity_0580	0.840789	0.877710	0.19549179
biodiversity_0581	0.835366	0.867081	0.14125824
biodiversity_0583	0.840100	0.867583	0.13133621
biodiversity_0584	0.900312	0.927344	0.08747101
biodiversity_0587	0.764298	0.807614	0.04659653
biodiversity_0594	0.453982	0.476850	0.01763153
biodiversity_0595	0.763963	0.797975	0.05122757
biodiversity_0600	0.555380	0.605471	0.01784897
biodiversity_0601	0.252616	0.268222	0.00392532
biodiversity_0602	0.742490	0.777292	0.12831116
biodiversity_0604	0.649626	0.674127	0.13278198
biodiversity_0605	0.735138	0.784076	0.02395630
biodiversity_0608	0.561807	0.735294	0.00129700
biodiversity_0609	0.848171	0.889628	0.05388260
biodiversity_0610	0.792047	0.837214	0.05258560
biodiversity_0611	0.835062	0.895487	0.00642395
biodiversity_0612	0.871512	0.923834	0.00891495
biodiversity_0613	0.728820	0.825421	0.00249100
biodiversity_0615	0.867495	0.993132	0.01110840
biodiversity_0616	0.839372	0.876013	0.09039307
biodiversity_0620	0.885751	0.910949	0.05448914
biodiversity_0621	0.882929	0.919880	0.07013321
biodiversity_0623	0.937126	0.990186	0.02137756
biodiversity_0624	0.803394	0.844355	0.02757263
biodiversity_0626	0.854170	0.880364	0.25964737
biodiversity_0627	0.826350	0.847131	0.23311996
biodiversity_0629	0.696325	0.729293	0.01699448
biodiversity_0632	0.780044	0.810348	0.01828384
biodiversity_0633	0.331344	0.367977	0.01717758
biodiversity_0642	0.939231	0.960468	0.05220413
biodiversity_0644	0.153173	0.113725	0.00097275
biodiversity_0645	0.638718	0.713623	0.01069641
biodiversity_0646	0.418208	0.471843	0.04274368
biodiversity_0649	0.873940	0.895949	0.12589645
biodiversity_0650	0.786592	0.811735	0.10123062
biodiversity_0652	0.712837	0.748149	0.02782440
biodiversity_0653	0.764035	0.806766	0.02503204
biodiversity_0655	0.874141	0.908196	0.04184341
biodiversity_0656	0.857608	0.888231	0.09464264
biodiversity_0657	0.837075	0.877667	0.05828094
biodiversity_0660	0.843828	0.889487	0.02481842
biodiversity_0661	0.773914	0.801181	0.07492447
biodiversity_0664	0.799472	0.838280	0.10654831
biodiversity_0666	0.853061	0.891532	0.08978653
biodiversity_0669	0.921296	0.950330	0.04569626
biodiversity_0670	0.980573	1.000000	0.02137756
biodiversity_0671	0.887432	0.914776	0.02757263
biodiversity_0672	0.942036	0.962774	0.10001373
biodiversity_0674	0.809202	0.837376	0.12061691
biodiversity_0675	0.556381	0.615912	0.01558304
biodiversity_0676	0.664957	0.731282	0.01487732
biodiversity_0677	0.742409	0.824448	0.00708389
biodiversity_0678	0.833918	0.880186	0.03355789
biodiversity_0680	0.497340	0.592679	0.00489807
biodiversity_0690	0.842890	0.863411	0.03921127
biodiversity_0692	0.684361	0.774280	0.01139069
biodiversity_0695	0.881751	0.896432	0.11097717
biodiversity_0696	0.883628	0.908720	0.20557022
biodiversity_0697	0.825404	0.854654	0.11868286
biodiversity_0702	0.866002	0.906741	0.04634476
biodiversity_0704	0.714492	0.766804	0.01572037
biodiversity_0705	0.942323	0.969072	0.00555038
biodiversity_0708	0.767630	0.805270	0.10770416
biodiversity_0710	0.826523	0.886351	0.02772522
biodiversity_0712	0.859332	0.910423	0.09245300
biodiversity_0717	0.804315	0.923578	0.01053238
biodiversity_0718	0.808681	0.915248	0.01053238
biodiversity_0720	0.790658	0.865614	0.01473236
biodiversity_0722	0.746619	0.815106	0.02671814
biodiversity_0723	0.611671	0.670912	0.01138306
biodiversity_0725	0.607964	0.638834	0.02512741
biodiversity_0726	0.521426	0.510769	0.01859665
biodiversity_0735	0.725088	0.766436	0.02645874
biodiversity_0737	0.589111	0.622971	0.01245499
biodiversity_0738	0.130155	0.003659	0.00312805
biodiversity_0742	0.907177	0.940263	0.02899170
biodiversity_0743	0.831027	0.872212	0.12982559
biodiversity_0745	0.852965	0.885801	0.09650421
biodiversity_0749	0.766510	0.856680	0.01296234
biodiversity_0750	0.610369	0.663906	0.01335907
biodiversity_0751	0.002014	0.000000	0.00039673
biodiversity_0752	0.915180	0.949998	0.12679672
biodiversity_0753	0.763126	0.831063	0.04172897
biodiversity_0756	0.910426	0.941820	0.02091599
biodiversity_0758	0.736552	0.774341	0.00666046
biodiversity_0759	0.890774	0.936100	0.05533981
biodiversity_0760	0.920246	0.966225	0.04867935
biodiversity_0765	0.768347	0.893155	0.01053238
biodiversity_0768	0.872231	0.926329	0.01543045
biodiversity_0769	0.837715	0.907735	0.01509094
biodiversity_0771	0.315163	0.315421	0.00653076
biodiversity_0772	0.391840	0.401734	0.00923920
biodiversity_0774	0.924678	0.968962	0.01462555
biodiversity_0775	0.855649	0.889376	0.02262115
biodiversity_0776	0.637536	0.670802	0.00799561
biodiversity_0781	0.212064	0.250929	0.00205231
biodiversity_0782	0.588780	0.626007	0.02273560
biodiversity_0783	0.576359	0.621542	0.02068329
biodiversity_0785	0.096397	0.000000	0.00244141
biodiversity_0786	0.690767	0.779690	0.01329803
biodiversity_0787	0.753451	0.833745	0.01544189
biodiversity_0788	0.560724	0.662230	0.00458527
biodiversity_0792	0.901209	0.924377	0.07970047
biodiversity_0795	0.924484	0.948581	0.00712204
biodiversity_0796	0.837299	0.899427	0.02598190
biodiversity_0798	0.753100	0.837500	0.00122070
biodiversity_0799	0.874474	0.920104	0.14280701
biodiversity_0800	0.712669	0.800947	0.02899551
biodiversity_0801	0.864098	0.957821	0.00217056
biodiversity_0805	0.819550	0.851494	0.01225281
biodiversity_0806	0.904844	0.939160	0.03316879
biodiversity_0807	0.923367	0.965712	0.02091599
biodiversity_0815	0.798784	0.817079	0.00786209
biodiversity_0820	0.640435	0.750000	0.00140381
biodiversity_0821	0.903157	0.946561	0.03133774
biodiversity_0822	0.851499	0.890878	0.03792953
biodiversity_0836	0.869195	0.954464	0.00427246
biodiversity_0838	0.668961	0.702360	0.03491211
biodiversity_0839	0.896790	0.926326	0.03810883
biodiversity_0840	0.876341	0.924178	0.02344513
biodiversity_0841	0.738158	0.767079	0.04595566
biodiversity_0842	0.751121	0.785939	0.09316635
biodiversity_0844	0.645101	0.704380	0.01523972
biodiversity_0845	0.774509	0.925000	0.00122070
biodiversity_0846	0.852863	0.915276	0.02971649
biodiversity_0853	0.945093	0.975169	0.01920319
biodiversity_0854	0.973962	0.989719	0.06344986
biodiversity_0856	0.982237	1.000000	0.01643372
biodiversity_0862	0.671183	0.691362	0.01210022
biodiversity_0863	0.709245	0.728997	0.02152252
biodiversity_0867	0.465065	0.557065	0.00140381
biodiversity_0870	0.609311	0.670811	0.00767136
biodiversity_0874	0.657333	0.771528	0.01532745
biodiversity_0875	0.759365	0.836754	0.03308868
biodiversity_0876	0.747137	0.806477	0.01955414
biodiversity_0881	0.789690	0.876944	0.00564194
biodiversity_0882	0.725446	0.778847	0.02853012
biodiversity_0884	0.798446	0.837740	0.01586914
biodiversity_0885	0.691285	0.726327	0.02824020
biodiversity_0886	0.775317	0.810561	0.05569839
biodiversity_0887	0.828380	0.877825	0.03899765
biodiversity_0890	0.823248	0.855550	0.07901382
biodiversity_0892	0.537869	0.611057	0.00393295
biodiversity_0893	0.624339	0.754443	0.00815582
biodiversity_0900	0.894720	0.948837	0.03131485
biodiversity_0901	0.950452	0.967343	0.09181213
biodiversity_0903	0.989107	1.000000	0.01892090
biodiversity_0909	0.444594	0.455446	0.00423813
biodiversity_0911	0.711277	0.766503	0.03969955
biodiversity_0914	0.377438	0.509719	0.00176620
biodiversity_0915	0.971496	0.998912	0.00350571
biodiversity_0916	0.947352	0.973735	0.01960754
biodiversity_0917	0.824238	0.895522	0.01610184
biodiversity_0920	0.505432	0.561702	0.00179291
biodiversity_0921	0.724045	0.788656	0.01398849
biodiversity_0929	0.799855	0.848060	0.05064011
biodiversity_0930	0.842831	0.887701	0.05353546
biodiversity_0931	0.962723	0.992851	0.00853729
biodiversity_0932	0.847825	0.876817	0.06113052
biodiversity_0933	0.856939	0.885598	0.08089447
biodiversity_0934	0.844707	0.875119	0.02397919
biodiversity_0935	0.914321	0.960185	0.01485062
biodiversity_0937	0.910214	0.935069	0.09041595
biodiversity_0938	0.911431	0.937554	0.07984161
biodiversity_0939	0.810408	0.863851	0.01047897
biodiversity_0942	0.828570	0.871454	0.00860596
biodiversity_0947	0.903545	0.945180	0.05128479
biodiversity_0948	0.888968	0.927150	0.03508377
biodiversity_0949	0.961327	0.995704	0.01776123
biodiversity_0951	0.925272	0.953700	0.13742828
biodiversity_0956	0.663799	0.676069	0.01284790
biodiversity_0960	0.863455	0.912021	0.02627563
biodiversity_0961	0.523257	0.575279	0.01570892
biodiversity_0964	0.974855	0.991855	0.00843048
biodiversity_0976	0.877001	0.917379	0.05088043
biodiversity_0979	0.893412	0.923744	0.06072998
biodiversity_0980	0.895693	0.930252	0.08838272
biodiversity_0983	0.918028	0.950055	0.03131485
biodiversity_0985	0.920889	0.945181	0.04634476
biodiversity_0987	0.553078	0.529732	0.05395126
biodiversity_0995	0.531055	0.764391	0.00284958
biodiversity_0996	0.586384	0.700000	0.00041962
biodiversity_0998	0.918926	0.940273	0.19824982
biodiversity_1000	0.789773	0.811060	0.00331116
biodiversity_1004	0.881709	0.914614	0.14430237
biodiversity_1005	0.920777	0.955407	0.13883972
biodiversity_1006	0.627571	0.653431	0.02084732
biodiversity_1007	0.720373	0.753530	0.07455444
biodiversity_1008	0.842257	0.863886	0.07079315
biodiversity_1009	0.679694	0.762557	0.00584793
biodiversity_1015	0.024133	0.000000	0.00469589
biodiversity_1016	0.134835	0.164094	0.00469589
biodiversity_1023	0.894836	0.926459	0.07453918
biodiversity_1026	0.866676	0.909730	0.02442551
biodiversity_1027	0.911614	0.953792	0.05588913
biodiversity_1028	0.896202	0.942774	0.03146362
biodiversity_1031	0.874152	0.914251	0.03447723
biodiversity_1034	0.968291	0.997838	0.02293396
biodiversity_1037	0.798580	0.930131	0.00174713
biodiversity_1038	0.654514	0.779476	0.00174713
biodiversity_1039	0.834197	0.863608	0.03675079
biodiversity_1041	0.833010	0.870311	0.05226898
biodiversity_1043	0.251416	0.157895	0.00050735
biodiversity_1044	0.932035	0.949376	0.04249954
biodiversity_1046	0.790407	0.816875	0.03716278
biodiversity_1047	0.761265	0.793551	0.01703644
biodiversity_1048	0.940504	0.987787	0.02030182
biodiversity_1049	0.929624	0.976677	0.01995468
biodiversity_1050	0.300683	0.219802	0.00385284
biodiversity_1054	0.648113	0.685380	0.06061172
biodiversity_1059	0.701316	0.793289	0.02694321
biodiversity_1062	0.668211	0.695880	0.07342911
biodiversity_1067	0.940888	0.992341	0.01145554
biodiversity_1068	0.806874	0.901432	0.01145554
biodiversity_1073	0.490533	0.601093	0.00209427
biodiversity_1074	0.874384	0.915057	0.08550644
biodiversity_1075	0.880331	0.918993	0.08349228
biodiversity_1076	0.109776	0.000000	0.00008011
biodiversity_1077	0.840149	0.863483	0.04417801
biodiversity_1078	0.833727	0.863254	0.05163574
biodiversity_1079	0.939756	0.981586	0.00745773
biodiversity_1084	0.907151	0.939527	0.04705811
biodiversity_1085	0.747020	0.757576	0.06344604
biodiversity_1088	0.812182	0.858250	0.06937790
biodiversity_1090	0.155281	0.000000	0.00008774
biodiversity_1091	0.951509	0.986237	0.00970078
biodiversity_1092	0.872166	0.922573	0.01340103
biodiversity_1093	0.818433	0.855480	0.02916718
biodiversity_1095	0.842474	0.881056	0.04047394
biodiversity_1100	0.807484	0.852230	0.23285294
biodiversity_1101	0.721075	0.810911	0.12467575
biodiversity_1103	0.530000	0.578876	0.01683044
biodiversity_1106	0.791182	0.833088	0.08019638
biodiversity_1108	0.779533	0.793800	0.01341248
biodiversity_1110	0.710030	0.753226	0.12032700
biodiversity_1111	0.766031	0.820021	0.03204727
biodiversity_1114	0.889841	0.928315	0.16358185
biodiversity_1115	0.891314	0.920232	0.15360641
biodiversity_1116	0.832808	0.844009	0.03543472
biodiversity_1117	0.937599	0.961843	0.04918671
biodiversity_1118	0.828534	0.870766	0.08312225
biodiversity_1119	0.788561	0.847086	0.03684616
biodiversity_1121	0.892331	0.929535	0.10491562
biodiversity_1122	0.894135	0.933228	0.11066055
biodiversity_1123	0.741279	0.784861	0.00574493
biodiversity_1125	0.821240	0.833733	0.03019333
biodiversity_1127	0.816973	0.921700	0.00341034
biodiversity_1131	0.893258	0.911712	0.04895401
biodiversity_1140	0.798718	0.835374	0.04736328
biodiversity_1143	0.000942	0.000000	0.00003815
biodiversity_1145	0.894830	0.925827	0.03852081
biodiversity_1146	0.791850	0.830194	0.14764023
biodiversity_1147	0.834832	0.873174	0.23557281
biodiversity_1148	0.885500	0.920276	0.12646484
biodiversity_1149	0.888756	0.920109	0.02382660
biodiversity_1152	0.860529	0.881249	0.02479935
biodiversity_1153	0.770899	0.810877	0.10065079
biodiversity_1155	0.838940	0.874697	0.09605026
biodiversity_1156	0.846915	0.875322	0.14967728
biodiversity_1157	0.823492	0.854266	0.13014603
biodiversity_1158	0.859823	0.887758	0.16007614
biodiversity_1160	0.858591	0.904095	0.12966919
biodiversity_1163	0.830180	0.860959	0.12294006
biodiversity_1164	0.916060	0.947244	0.16681671
biodiversity_1166	0.793155	0.844444	0.02883911
biodiversity_1167	0.647204	0.714437	0.01440048
biodiversity_1168	0.872796	0.903491	0.13692093
biodiversity_1169	0.876153	0.906279	0.13281250
biodiversity_1170	0.765016	0.821954	0.00726318
biodiversity_1175	0.774030	0.834336	0.00824356
biodiversity_1177	0.405660	0.407511	0.01086807
biodiversity_1178	0.209189	0.199600	0.02289581
biodiversity_1179	0.295178	0.308939	0.03388214
biodiversity_1181	0.842062	0.886204	0.08303452
biodiversity_1182	0.871702	0.925304	0.05811691
biodiversity_1188	0.841434	0.859837	0.04915237
biodiversity_1189	0.893298	0.911915	0.04568863
biodiversity_1192	0.903165	0.928558	0.02007675
biodiversity_1193	0.887178	0.912911	0.07788086
biodiversity_1194	0.933637	0.958867	0.10303497
biodiversity_1195	0.959129	0.980264	0.09857559
biodiversity_1199	0.784606	0.820509	0.06975174
biodiversity_1200	0.834882	0.879595	0.13645554
biodiversity_1201	0.837984	0.879108	0.15158844
biodiversity_1202	0.817791	0.855801	0.08285522
biodiversity_1204	0.891849	0.919748	0.07871628
biodiversity_1208	0.884672	0.928290	0.10155106
biodiversity_1209	0.793517	0.831850	0.13673019
biodiversity_1210	0.780712	0.809971	0.11653137
biodiversity_1211	0.884916	0.926879	0.13877106
biodiversity_1212	0.878336	0.919867	0.10549164
biodiversity_1213	0.709312	0.741770	0.02155304
biodiversity_1214	0.697662	0.746225	0.01440048
biodiversity_1215	0.872126	0.899203	0.12871170
biodiversity_1216	0.876660	0.899088	0.13015366
biodiversity_1223	0.362764	0.324402	0.00797272
biodiversity_1224	0.376626	0.413478	0.01086807
biodiversity_1226	0.375242	0.390157	0.02991867
biodiversity_1229	0.882372	0.932838	0.04930115
biodiversity_1230	0.773577	0.809379	0.01000595
biodiversity_1231	0.044499	0.000000	0.00025558
biodiversity_1232	0.581330	0.630043	0.01163101
biodiversity_1233	0.814839	0.855220	0.04307938
biodiversity_1235	0.450962	0.494481	0.00345612
biodiversity_1238	0.016370	0.000000	0.00160599
biodiversity_1239	0.864653	0.879093	0.05906296
biodiversity_1240	0.889456	0.914770	0.12250137
biodiversity_1242	0.936863	0.963417	0.12043762
biodiversity_1243	0.943415	0.962777	0.07368469
biodiversity_1244	0.780816	0.821716	0.03228760
biodiversity_1247	0.845703	0.896599	0.08905792
biodiversity_1249	0.004180	0.000000	0.00021744
biodiversity_1251	0.005829	0.000000	0.00062561
biodiversity_1252	0.316292	0.364702	0.01171494
biodiversity_1253	0.222481	0.197476	0.01118469
biodiversity_1254	0.842477	0.889630	0.00743103
biodiversity_1255	0.858665	0.915785	0.06201172
biodiversity_1258	0.834364	0.885907	0.04533768
biodiversity_1259	0.590530	0.659713	0.02980804
biodiversity_1260	0.380679	0.414579	0.00167465
biodiversity_1269	0.799339	0.836727	0.03878403
biodiversity_1274	0.932087	0.953099	0.02049637
biodiversity_1275	0.911618	0.944910	0.02001190
biodiversity_1276	0.850393	0.935927	0.00500107
biodiversity_1280	0.742803	0.780022	0.01038742
biodiversity_1284	0.804667	0.856377	0.00711823
biodiversity_1285	0.880346	0.916955	0.03197098
biodiversity_1286	0.860462	0.887788	0.06234741
biodiversity_1288	0.863880	0.900010	0.07599640
biodiversity_1290	0.525461	0.573477	0.00212860
biodiversity_1299	0.001237	0.000000	0.00084686
biodiversity_1300	0.002039	0.000000	0.00038528
biodiversity_1301	0.422425	0.386197	0.00259781
biodiversity_1302	0.837555	0.876067	0.08181381
biodiversity_1304	0.861393	0.891606	0.05117035
biodiversity_1305	0.853984	0.887457	0.05653763
biodiversity_1306	0.822064	0.861343	0.03386688
biodiversity_1308	0.894089	0.924322	0.02192688
biodiversity_1311	0.878213	0.916579	0.09424591
biodiversity_1312	0.904589	0.940447	0.05630493
biodiversity_1313	0.787270	0.838733	0.01577759
biodiversity_1316	0.259163	0.280407	0.00975418
biodiversity_1320	0.867103	0.905832	0.02223969
biodiversity_1321	0.890367	0.912647	0.03725052
biodiversity_1322	0.932939	0.949936	0.01501083
biodiversity_1323	0.863872	0.917484	0.05330276
biodiversity_1324	0.813051	0.835456	0.06319809
biodiversity_1325	0.913978	0.944102	0.00989532
biodiversity_1328	0.908418	0.929761	0.02612305
biodiversity_1329	0.826567	0.846420	0.03852463
biodiversity_1330	0.591364	0.637958	0.01240158
biodiversity_1331	0.944127	0.968742	0.08737946
biodiversity_1332	0.934711	0.957632	0.11380768
biodiversity_1334	0.918214	0.967742	0.00118256
biodiversity_1335	0.832504	0.879417	0.07437515
biodiversity_1336	0.862793	0.914573	0.10900116
biodiversity_1337	0.783158	0.840524	0.03580856
biodiversity_1348	0.635249	0.731278	0.00259781
biodiversity_1350	0.905919	0.939659	0.05057526
biodiversity_1351	0.728307	0.792610	0.00825882
biodiversity_1352	0.854288	0.879038	0.05597687
biodiversity_1353	0.862573	0.886373	0.04867935
biodiversity_1356	0.794704	0.852324	0.11161804
biodiversity_1358	0.855842	0.891449	0.10809708
biodiversity_1359	0.753507	0.779635	0.11047745
biodiversity_1361	0.530865	0.604651	0.00770950
biodiversity_1362	0.764699	0.876299	0.00770950
biodiversity_1367	0.788241	0.842213	0.01675415
biodiversity_1368	0.822497	0.869891	0.02239990
biodiversity_1369	0.821499	0.860811	0.00564575
biodiversity_1370	0.829850	0.863022	0.05330276
biodiversity_1371	0.799314	0.814330	0.06319809
biodiversity_1375	0.926956	0.940042	0.03104782
biodiversity_1377	0.609238	0.643046	0.01728058
biodiversity_1378	0.963166	0.984078	0.08026123
biodiversity_1380	0.210964	0.152278	0.00318146
biodiversity_1381	0.851225	0.924573	0.00647354
biodiversity_1383	0.877554	0.927138	0.17292786
biodiversity_1384	0.903945	0.965504	0.04788208
biodiversity_1385	0.829340	0.840444	0.03022003
biodiversity_1387	0.718205	0.736579	0.01982498
biodiversity_1399	0.805131	0.855973	0.03774261
biodiversity_1400	0.825685	0.864559	0.04996490
biodiversity_1404	0.852573	0.885854	0.03910065
biodiversity_1406	0.833676	0.857218	0.20254135
biodiversity_1407	0.794204	0.818837	0.11166382
biodiversity_1408	0.929632	0.960736	0.07461548
biodiversity_1410	0.769536	0.884264	0.00375748
biodiversity_1411	0.294557	0.229442	0.00375748
biodiversity_1415	0.890352	0.929271	0.05452728
biodiversity_1416	0.905886	0.942373	0.05156708
biodiversity_1423	0.762391	0.787549	0.00980377
biodiversity_1430	0.849778	0.890274	0.12178421
biodiversity_1431	0.832589	0.863995	0.03435898
biodiversity_1433	0.694131	0.717913	0.05965042
biodiversity_1447	0.833977	0.873336	0.10287857
biodiversity_1449	0.636992	0.699723	0.04954529
biodiversity_1450	0.696020	0.736743	0.04244232
biodiversity_1451	0.891439	0.931682	0.06622314
biodiversity_1452	0.885005	0.918647	0.16744614
biodiversity_1453	0.889584	0.917685	0.28009415
biodiversity_1454	0.853911	0.880352	0.17924500
biodiversity_1455	0.881510	0.913472	0.07939911
biodiversity_1456	0.930244	0.959040	0.07217789
biodiversity_1457	0.461348	0.523883	0.01229858
biodiversity_1458	0.454725	0.490695	0.01229858
biodiversity_1461	0.238106	0.265823	0.00452042
biodiversity_1463	0.853299	0.886705	0.11431122
biodiversity_1464	0.864726	0.913072	0.01167297
biodiversity_1465	0.942417	0.982855	0.03537750
biodiversity_1466	0.958301	0.992436	0.02370453
biodiversity_1477	0.785082	0.817459	0.07437515
biodiversity_1478	0.861005	0.895266	0.10056305
biodiversity_1479	0.826287	0.865826	0.05686188
biodiversity_1480	0.192464	0.170373	0.00960541
biodiversity_1495	0.826674	0.864127	0.07498932
biodiversity_1496	0.373436	0.467271	0.01934814
biodiversity_1497	0.766541	0.827607	0.03808212
biodiversity_1499	0.856389	0.889814	0.13055420
biodiversity_1500	0.852942	0.885240	0.19422531
biodiversity_1501	0.766585	0.797563	0.09644318
biodiversity_1502	0.913994	0.974735	0.02053452
biodiversity_1508	0.851284	0.882492	0.01941299
biodiversity_1510	0.874465	0.904794	0.18843842
biodiversity_1511	0.893549	0.936365	0.07685089
biodiversity_1513	0.919736	0.956233	0.04079056
biodiversity_1514	0.841488	0.905603	0.00755692
biodiversity_1526	0.907792	0.938492	0.06753922
biodiversity_1539	0.127361	0.143582	0.00977707
biodiversity_1540	0.660720	0.675335	0.06204987
biodiversity_1542	0.857569	0.886486	0.08855057
biodiversity_1543	0.850505	0.881463	0.04338074
biodiversity_1545	0.902199	0.934962	0.03184891
biodiversity_1546	0.862627	0.898527	0.15559769
biodiversity_1547	0.890759	0.923994	0.12542343
biodiversity_1548	0.771362	0.911765	0.00311279
biodiversity_1549	0.776556	0.898272	0.01743698
biodiversity_1551	0.633148	0.729287	0.01979828
biodiversity_1552	0.684152	0.774759	0.01979828
biodiversity_1553	0.897364	0.958834	0.03113556
biodiversity_1555	0.881693	0.942351	0.02177048
biodiversity_1556	0.870882	0.906325	0.12876511
biodiversity_1557	0.888757	0.925985	0.20100403
biodiversity_1558	0.917946	0.951605	0.16017151
biodiversity_1560	0.808539	0.891988	0.01709366
biodiversity_1561	0.612029	0.810197	0.00755692
biodiversity_1571	0.699927	0.739186	0.00599670
biodiversity_1572	0.914185	0.946655	0.07344055
biodiversity_1574	0.550618	0.582785	0.00695801
biodiversity_1575	0.498650	0.503006	0.00190353
biodiversity_1585	0.743014	0.760411	0.02299118
biodiversity_1586	0.835419	0.859391	0.08024979
biodiversity_1587	0.845991	0.876563	0.12905502
biodiversity_1588	0.831197	0.866129	0.14432907
biodiversity_1589	0.809623	0.846816	0.16306305
biodiversity_1590	0.784433	0.815776	0.09053040
biodiversity_1594	0.835154	0.896431	0.08250427
biodiversity_1595	0.593278	0.835616	0.00055695
biodiversity_1597	0.863793	0.941402	0.01692581
biodiversity_1599	0.867052	0.916112	0.03610611
biodiversity_1600	0.942645	0.972668	0.04940796
biodiversity_1603	0.861814	0.899917	0.05984116
biodiversity_1604	0.876777	0.912214	0.15600204
biodiversity_1605	0.846257	0.876496	0.15363312
biodiversity_1606	0.856300	0.892022	0.07698059
biodiversity_1607	0.944400	0.980704	0.02016449
biodiversity_1620	0.864467	0.895992	0.09917450
biodiversity_1621	0.796991	0.831972	0.05371475
biodiversity_1631	0.907839	0.942704	0.02569962
biodiversity_1632	0.828120	0.855900	0.09426880
biodiversity_1635	0.764627	0.815889	0.05324936
biodiversity_1636	0.714944	0.761126	0.12566376
biodiversity_1638	0.812778	0.878304	0.01861954
biodiversity_1639	0.869827	0.905603	0.11104965
biodiversity_1641	0.809541	0.850284	0.06102371
biodiversity_1642	0.592653	0.622419	0.02457047
biodiversity_1643	0.836188	0.899642	0.02664566
biodiversity_1644	0.941183	0.972260	0.01966476
biodiversity_1646	0.806362	0.842616	0.13088608
biodiversity_1647	0.859007	0.891760	0.06981659
biodiversity_1650	0.865361	0.905418	0.05344009
biodiversity_1651	0.847906	0.886060	0.09243774
biodiversity_1653	0.794379	0.834714	0.03544998
biodiversity_1654	0.909155	0.950392	0.02045441
biodiversity_1661	0.344212	0.407650	0.00349045
biodiversity_1662	0.494031	0.676316	0.00144958
biodiversity_1669	0.907824	0.931366	0.02456665
biodiversity_1677	0.912913	0.936623	0.02853012
biodiversity_1678	0.883575	0.924441	0.05205154
biodiversity_1679	0.873162	0.904876	0.12776566
biodiversity_1680	0.875334	0.908352	0.08682632
biodiversity_1681	0.818089	0.872562	0.00841141
biodiversity_1684	0.772448	0.838089	0.04759216
biodiversity_1685	0.895070	0.946322	0.05393982
biodiversity_1686	0.829393	0.881866	0.13549423
biodiversity_1687	0.820098	0.866660	0.16169739
biodiversity_1688	0.819376	0.845050	0.08931732
biodiversity_1690	0.833246	0.897625	0.01911545
biodiversity_1691	0.926146	0.957875	0.01213455
biodiversity_1693	0.783552	0.818496	0.13793564
biodiversity_1694	0.871062	0.901169	0.05643082
biodiversity_1696	0.755327	0.797115	0.07033920
biodiversity_1697	0.731390	0.778288	0.05727768
biodiversity_1699	0.833675	0.872051	0.05545425
biodiversity_1701	0.006035	0.000000	0.00029755
biodiversity_1709	0.380211	0.395014	0.01667786
biodiversity_1710	0.200712	0.191176	0.00051880
biodiversity_1711	0.801674	0.874472	0.00632095
biodiversity_1712	0.840911	0.916626	0.01551056
biodiversity_1714	0.870975	0.901354	0.05549240
biodiversity_1715	0.914057	0.943108	0.07912064
biodiversity_1726	0.867145	0.907069	0.10684967
biodiversity_1727	0.926471	0.955732	0.03593445
biodiversity_1729	0.825355	0.880117	0.05237579
biodiversity_1731	0.171497	0.147012	0.01691818
biodiversity_1732	0.866320	0.910296	0.08347702
biodiversity_1735	0.802961	0.832167	0.05614090
biodiversity_1736	0.697171	0.740731	0.01399231
biodiversity_1739	0.713846	0.748804	0.04226303
biodiversity_1741	0.851446	0.887500	0.06103516
biodiversity_1742	0.774283	0.827046	0.01071930
biodiversity_1743	0.750397	0.790320	0.06785965
biodiversity_1744	0.750428	0.789460	0.05718231
biodiversity_1746	0.857752	0.902374	0.05013275
biodiversity_1756	0.566272	0.582005	0.03781891
biodiversity_1757	0.728524	0.775566	0.02376175
biodiversity_1758	0.583747	0.592884	0.01211548
biodiversity_1759	0.749916	0.823213	0.01633453
biodiversity_1760	0.727368	0.782640	0.01577759
biodiversity_1761	0.877053	0.907304	0.04987717
biodiversity_1762	0.914098	0.948403	0.06927490
biodiversity_1763	0.859619	0.900240	0.02546692
biodiversity_1765	0.799118	0.819095	0.01138687
biodiversity_1771	0.630376	0.691696	0.00863647
biodiversity_1772	0.869689	0.897368	0.08768082
biodiversity_1773	0.921014	0.950546	0.09842682
biodiversity_1775	0.973637	0.998678	0.00865555
biodiversity_1776	0.850906	0.902209	0.07130814
biodiversity_1777	0.804640	0.863574	0.06965256
biodiversity_1779	0.818926	0.856591	0.11257172
biodiversity_1780	0.823881	0.856204	0.11778641
biodiversity_1781	0.867893	0.908888	0.01536560
biodiversity_1782	0.239618	0.210429	0.00826645
biodiversity_1783	0.620887	0.689432	0.00826645
biodiversity_1786	0.544415	0.591513	0.00746155
biodiversity_1787	0.829371	0.874812	0.06606293
biodiversity_1788	0.834366	0.880298	0.06606293
biodiversity_1790	0.791353	0.834967	0.03892517
biodiversity_1791	0.837130	0.875697	0.05401230
biodiversity_1801	0.408119	0.464032	0.00753021
biodiversity_1803	0.763788	0.786722	0.07705307
biodiversity_1805	0.569428	0.636600	0.03074646
biodiversity_1806	0.083394	0.000000	0.00082397
biodiversity_1809	0.899872	0.928821	0.07326126
biodiversity_1810	0.905505	0.935846	0.07165146
biodiversity_1819	0.854541	0.896033	0.04568100
biodiversity_1821	0.907539	0.928484	0.08059692
biodiversity_1822	0.885297	0.917993	0.02851486
biodiversity_1823	0.862336	0.919553	0.06795120
biodiversity_1825	0.792727	0.858067	0.03480530
biodiversity_1826	0.806872	0.862334	0.08850479
biodiversity_1827	0.783077	0.834688	0.07788086
biodiversity_1828	0.489720	0.538940	0.00920868
biodiversity_1833	0.491784	0.519363	0.01438141
biodiversity_1834	0.505086	0.540070	0.01842117
biodiversity_1836	0.876524	0.945303	0.01234436
biodiversity_1837	0.888392	0.941796	0.01376343
biodiversity_1840	0.692584	0.768902	0.00534821
biodiversity_1842	0.856393	1.000000	0.00093079
biodiversity_1843	0.942581	1.000000	0.00358963
biodiversity_1845	0.940887	0.985014	0.00279999
biodiversity_1848	0.653723	0.715218	0.01869965
biodiversity_1849	0.649209	0.712605	0.02950668
biodiversity_1850	0.836751	0.869267	0.06054688
biodiversity_1857	0.882722	0.908919	0.07651901
biodiversity_1858	0.676738	0.752933	0.00552750
biodiversity_1867	0.881128	0.910869	0.12813950
biodiversity_1868	0.879154	0.912639	0.16029739
biodiversity_1870	0.907565	0.952540	0.08672714
biodiversity_1871	0.908039	0.952851	0.08964539
biodiversity_1872	0.836134	0.888188	0.06529999
biodiversity_1873	0.765191	0.819531	0.04601669
biodiversity_1874	0.700036	0.780827	0.02001572
biodiversity_1875	0.624867	0.721624	0.00920868
biodiversity_1880	0.517203	0.551180	0.02101898
biodiversity_1882	0.573346	0.660952	0.01401901
biodiversity_1883	0.521143	0.544237	0.01310730
biodiversity_1885	0.908336	0.977345	0.00724030
biodiversity_1886	0.789332	0.837821	0.01841736
biodiversity_1888	0.993083	1.000000	0.01648331
biodiversity_1889	0.946677	0.976714	0.06175995
biodiversity_1891	0.851758	0.900536	0.03417206
biodiversity_1893	0.889245	0.949710	0.00591660
biodiversity_1896	0.363004	0.374309	0.01725388
biodiversity_1897	0.202184	0.184891	0.00959396
biodiversity_1903	0.955098	0.986903	0.01805878
biodiversity_1905	0.878443	0.933316	0.01475906
biodiversity_1915	0.887616	0.919314	0.25728989
biodiversity_1916	0.907880	0.940074	0.20675659
biodiversity_1917	0.866207	0.914870	0.12488556
biodiversity_1919	0.908956	0.946800	0.06568146
biodiversity_1920	0.875062	0.917443	0.05526352
biodiversity_1921	0.814402	0.871475	0.02692032
biodiversity_1922	0.774491	0.808058	0.02565765
biodiversity_1923	0.658108	0.731575	0.02820969
biodiversity_1924	0.853089	0.905620	0.06713486
biodiversity_1926	0.636598	0.663962	0.01128387
biodiversity_1929	0.009476	0.000000	0.00076294
biodiversity_1930	0.436244	0.450230	0.00747299
biodiversity_1934	0.921883	0.959787	0.02295685
biodiversity_1936	0.922287	0.962937	0.06082916
biodiversity_1939	0.846721	0.901225	0.03363800
biodiversity_1941	0.735286	0.792998	0.00501251
biodiversity_1944	0.606268	0.680420	0.01562500
biodiversity_1945	0.673239	0.736572	0.01562500
biodiversity_1950	0.765358	0.846608	0.00258636
biodiversity_1952	0.890482	0.936798	0.04345703
biodiversity_1953	0.012640	0.000000	0.00011444
biodiversity_1958	0.477112	0.516990	0.00628662
biodiversity_1959	0.818307	0.890673	0.04134750
biodiversity_1960	0.879450	0.918907	0.11111069
biodiversity_1961	0.844064	0.878140	0.15442276
biodiversity_1962	0.850405	0.882171	0.19023514
biodiversity_1963	0.863855	0.894743	0.16471863
biodiversity_1965	0.857631	0.910753	0.02440643
biodiversity_1967	0.842570	0.874909	0.12564087
biodiversity_1968	0.693159	0.736654	0.08882523
biodiversity_1971	0.826486	0.858806	0.12714386
biodiversity_1972	0.857576	0.893595	0.08916092
biodiversity_1973	0.798329	0.834704	0.03013992
biodiversity_1975	0.354652	0.406465	0.00554657
biodiversity_1977	0.477790	0.490051	0.00671005
biodiversity_1979	0.151768	0.176471	0.00428009
biodiversity_1980	0.929076	0.976471	0.00713348
biodiversity_1982	0.713279	0.747745	0.02791595
biodiversity_1986	0.563863	0.638934	0.01173782
biodiversity_1987	0.719058	0.769073	0.01675034
biodiversity_1988	0.789007	0.853120	0.00501251
biodiversity_1991	0.712836	0.793136	0.01211548
biodiversity_1996	0.185544	0.090206	0.00296021
biodiversity_1998	0.808821	0.864157	0.07093430
biodiversity_1999	0.851209	0.911023	0.13890839
biodiversity_2000	0.886083	0.947575	0.08469772
biodiversity_2006	0.905097	0.938822	0.15763092
biodiversity_2007	0.908471	0.944460	0.15955353
biodiversity_2008	0.830871	0.876369	0.08392715
biodiversity_2009	0.480070	0.503172	0.04209137
biodiversity_2013	0.776790	0.822054	0.03680801
biodiversity_2014	0.812878	0.847238	0.10310745
biodiversity_2015	0.691110	0.737513	0.07270813
biodiversity_2016	0.613337	0.702016	0.01532364
biodiversity_2017	0.736836	0.770533	0.05271530
biodiversity_2019	0.876491	0.908211	0.03470230
biodiversity_2020	0.823437	0.861218	0.01885605
biodiversity_2026	0.504846	0.601905	0.00200272
biodiversity_2027	0.878294	0.980072	0.00210571
biodiversity_2029	0.780367	0.810774	0.03937149
biodiversity_2043	0.217239	0.189433	0.00296021
biodiversity_2044	0.847522	0.913357	0.02593231
biodiversity_2047	0.881377	0.937826	0.08620453
biodiversity_2049	0.822947	0.880342	0.00178528
biodiversity_2050	0.850666	0.876562	0.03754807
biodiversity_2051	0.741025	0.776938	0.07115936
biodiversity_2053	0.855975	0.886750	0.17596436
biodiversity_2054	0.843068	0.868695	0.11373901
biodiversity_2061	0.714904	0.784221	0.01131439
biodiversity_2062	0.624728	0.713082	0.01131439
biodiversity_2077	0.860221	0.889481	0.01860428
biodiversity_2078	0.659573	0.782993	0.00560760
biodiversity_2091	0.891799	0.932642	0.00883484
biodiversity_2093	0.662073	0.763242	0.02729416
biodiversity_2096	0.931738	0.962144	0.06731415
biodiversity_2097	0.880926	0.906962	0.15715790
biodiversity_2098	0.844061	0.871578	0.16705704
biodiversity_2099	0.781230	0.823273	0.04632187
biodiversity_2100	0.790863	0.806008	0.05968094
biodiversity_2101	0.746949	0.764494	0.04875565
biodiversity_2103	0.110012	0.077298	0.01253510
biodiversity_2104	0.025507	0.005173	0.01253510
biodiversity_2108	0.002100	0.000000	0.00051117
biodiversity_2114	0.335754	0.358733	0.00445557
biodiversity_2115	0.294435	0.324104	0.02108002
biodiversity_2123	0.766638	0.797984	0.04390335
biodiversity_2125	0.683334	0.789344	0.01546478
biodiversity_2135	0.323460	0.379707	0.00364685
biodiversity_2136	0.879066	0.914731	0.02791595
biodiversity_2139	0.907031	0.936813	0.09780121
biodiversity_2140	0.906984	0.939699	0.16043091
biodiversity_2141	0.890495	0.925322	0.10497284
biodiversity_2142	0.928909	0.959769	0.07471848
biodiversity_2143	0.928081	0.957782	0.06885147
biodiversity_2144	0.898630	0.927476	0.11960983
biodiversity_2146	0.938073	1.000000	0.00135422
biodiversity_2147	0.063159	0.000000	0.00000381
biodiversity_2151	0.002923	0.000000	0.00000381
biodiversity_2160	0.328616	0.287671	0.00445557
biodiversity_2161	0.395236	0.427226	0.00445557
biodiversity_2169	0.783198	0.843516	0.01935577
biodiversity_2170	0.804623	0.834577	0.10942078
biodiversity_2177	0.727756	0.913326	0.01056290
biodiversity_2179	0.682622	0.710756	0.02886963
biodiversity_2180	0.049658	0.000000	0.00008774
biodiversity_2181	0.836378	0.874118	0.01081848
biodiversity_2182	0.891123	0.921081	0.14936066
biodiversity_2184	0.869389	0.899413	0.29914856
biodiversity_2185	0.866839	0.904707	0.37401199
biodiversity_2188	0.918144	0.943763	0.10351181
biodiversity_2190	0.936077	0.993111	0.00332260
biodiversity_2194	0.737397	0.891791	0.00511169
biodiversity_2196	0.044213	0.000000	0.00471115
biodiversity_2198	0.109494	0.115214	0.00258255
biodiversity_2202	0.007505	0.000000	0.00180435
biodiversity_2203	0.084684	0.109937	0.00180435
biodiversity_2216	0.799080	0.855341	0.01935577
biodiversity_2217	0.837183	0.870909	0.09172440
biodiversity_2219	0.859831	0.899370	0.08358765
biodiversity_2220	0.878041	0.916502	0.02128983
biodiversity_2224	0.855872	0.966414	0.01056290
biodiversity_2227	0.768108	0.855763	0.02210999
biodiversity_2228	0.862298	0.898978	0.04965591
biodiversity_2229	0.910554	0.938837	0.19783401
biodiversity_2230	0.883974	0.914384	0.23467636
biodiversity_2233	0.890038	0.926607	0.33935165
biodiversity_2234	0.901875	0.938725	0.20967484
biodiversity_2240	0.655793	0.778434	0.00516510
biodiversity_2244	0.230507	0.263075	0.00729370
biodiversity_2265	0.770363	0.813576	0.07243729
biodiversity_2266	0.782590	0.818906	0.11827850
biodiversity_2267	0.839595	0.873912	0.06050873
biodiversity_2269	0.273171	0.299247	0.00708771
biodiversity_2270	0.187885	0.191066	0.00708771
biodiversity_2272	0.926003	0.985981	0.00163269
biodiversity_2273	0.802616	0.876613	0.06415176
biodiversity_2274	0.775717	0.826679	0.12153625
biodiversity_2275	0.788963	0.837539	0.09976959
biodiversity_2276	0.865197	0.893634	0.06154251
biodiversity_2277	0.911485	0.928991	0.02079010
biodiversity_2278	0.918482	0.950537	0.06069565
biodiversity_2280	0.925599	0.942203	0.06580353
biodiversity_2281	0.838717	0.869405	0.08301544
biodiversity_2312	0.818968	0.856994	0.07671738
biodiversity_2315	0.872775	0.995423	0.00166702
biodiversity_2316	0.280989	0.310357	0.01068115
biodiversity_2320	0.831828	0.883226	0.05471802
biodiversity_2321	0.772615	0.819018	0.10863495
biodiversity_2322	0.757962	0.795533	0.06779861
biodiversity_2328	0.793415	0.831300	0.04253387
biodiversity_2340	0.009491	0.000000	0.00191116
biodiversity_2342	0.383220	0.383372	0.00330353
biodiversity_2358	0.709433	0.807953	0.00844193
biodiversity_2359	0.897888	0.943952	0.02538681
biodiversity_2361	0.871796	0.900253	0.14176941
biodiversity_2363	0.595864	0.648056	0.02610016
biodiversity_2364	0.663499	0.700713	0.07809448
biodiversity_2370	0.396687	0.448119	0.00334549
biodiversity_2375	0.901035	0.933036	0.03503418
biodiversity_2388	0.437714	0.455011	0.00521469
biodiversity_2405	0.796527	0.818789	0.05481720
biodiversity_2407	0.863226	0.924851	0.00893402
biodiversity_2411	0.865176	0.897164	0.07344818
biodiversity_2412	0.822021	0.861687	0.02338791
biodiversity_2420	0.970681	0.999124	0.00871277
col1_0002	0.686066	0.717947	0.06117249
col1_0003	0.885638	0.905562	0.21735764
col1_0004	0.966222	0.985979	0.35179138
col1_0005	0.964302	0.982175	0.23711777
col1_0006	0.781100	0.905261	0.05278778
col1_0007	0.701262	0.734148	0.04024887
col1_0008	0.700917	0.731381	0.04195023
col1_0009	0.722836	0.801291	0.00531769
col1_0010	0.714529	0.929008	0.03057480
col1_0011	0.916718	0.939677	0.09232712
col1_0012	0.905027	0.936002	0.06175232
col1_0013	0.730607	0.756592	0.04311371
col1_0014	0.753176	0.780370	0.04267502
col1_0015	0.826811	0.845805	0.02100372
col1_0016	0.747110	0.773045	0.02185059
col1_0017	0.805411	0.869264	0.04464340
col1_0018	0.825010	0.873791	0.04379654
col1_0019	0.750283	0.777798	0.02072144
col1_0021	0.800705	0.823829	0.02100372
col1_0022	0.765405	0.799681	0.02393723
col1_0023	0.723927	0.768714	0.05901337
col1_0024	0.698121	0.730086	0.05607986
col1_0025	0.711373	0.810989	0.00347137
col1_0026	0.845125	0.965079	0.00120163
col1_0027	0.028832	0.000000	0.00208282
col1_0028	0.700867	0.758773	0.02598190
col1_0029	0.691675	0.708673	0.05902863
col1_0030	0.582090	0.605929	0.03512955
col1_0033	0.264077	0.243133	0.00374985
col1_0034	0.676364	0.706434	0.02561188
col1_0035	0.620894	0.650672	0.02186203
den0_0004	0.075423	0.045576	0.00284576
den0_0007	0.843254	0.878610	0.01690674
den0_0008	0.673630	0.682604	0.01412201
den0_0009	0.159869	0.121984	0.00284576
den0_0011	0.832571	0.867903	0.04588699
den0_0012	0.902186	0.931897	0.01770020
den0_0016	0.804188	0.843881	0.04183197
den0_0017	0.943402	0.982318	0.01208115
den0_0020	0.959031	0.993341	0.00630188
den0_0021	0.241575	0.263415	0.00156403
den0_0024	0.836136	0.950735	0.01401520
den0_0025	0.906162	0.944319	0.02192307
den0_0026	0.858978	0.924414	0.02018738
den0_0027	0.836274	0.883726	0.01765060
den0_0028	0.875532	0.965497	0.01315689
den0_0029	0.905288	0.944987	0.02773666
den0_0030	0.827313	0.862423	0.02528763
den0_0031	0.833304	0.881351	0.06674576
den0_0032	0.860385	0.905669	0.03324127
den0_0033	0.931538	0.965042	0.04594040
den0_0035	0.830721	0.866219	0.00966644
den0_0036	0.908613	0.940273	0.21204376
den0_0037	0.926656	0.957822	0.19427109
den0_0038	0.869492	0.922847	0.07020950
den0_0039	0.860050	0.904315	0.02033234
den0_0041	0.936687	0.963902	0.41171265
den0_0042	0.937331	0.959669	0.38599777
den0_0043	0.710588	0.777534	0.07637405
den0_0044	0.829370	0.884569	0.00313950
den0_0046	0.903157	0.941291	0.27913666
den0_0047	0.903441	0.941865	0.23766708
den0_0048	0.408037	0.450147	0.03894806
den1_0002	0.789561	0.862273	0.02517700
den1_0003	0.963776	0.997263	0.06828690
den1_0004	0.965192	0.995222	0.04310989
den1_0007	0.253717	0.258538	0.02937698
den1_0008	0.928567	0.980360	0.08701706
den1_0012	0.127486	0.067447	0.01662827
den1_0013	0.864763	0.926890	0.09381485
den1_0014	0.902094	0.933283	0.08547974
den1_0015	0.605836	0.635342	0.00848389
den1_0017	0.588115	0.664349	0.01426315
den1_0018	0.893504	0.936949	0.08833313
den1_0019	0.911288	0.948181	0.07928467
den1_0021	0.780131	0.871575	0.00891113
den1_0022	0.871514	0.930081	0.01227570
den1_0023	0.850698	0.908157	0.04195023
den1_0024	0.737008	0.814454	0.03488922
den3_0003	0.787424	0.839864	0.01460266
den3_0004	0.783644	0.828370	0.01460266
den3_0007	0.811161	0.918133	0.01560974
den3_0008	0.804211	0.857771	0.01560974
den3_0011	0.659636	0.705017	0.00881958
den4_0003	0.954449	0.989276	0.00284576
den4_0006	0.974443	1.000000	0.00384903
den4_0007	0.969733	0.993131	0.01832581
den4_0008	0.896303	0.937654	0.02006912
den4_0009	0.921203	0.958033	0.02326965
den4_0010	0.908753	0.961538	0.02043152
den4_0011	0.933233	0.978143	0.02809906
den4_0012	0.839314	0.888488	0.01163101
den4_0013	0.950834	0.985133	0.04618454
den4_0014	0.947124	0.985200	0.03092957
den4_0015	0.929909	0.980382	0.02197266
den4_0017	0.938090	0.978715	0.02975082
den4_0018	0.884920	0.963574	0.01434708
den4_0019	0.939905	0.982463	0.00935364
den5_0001	0.884506	0.945175	0.01739502
den5_0003	0.552893	0.523810	0.00008011
den5_0004	0.480000	0.676923	0.00024796
den6_0003	0.888449	0.980804	0.00417328
den6_0005	0.912889	0.960010	0.01516724
den6_0006	0.830610	0.893543	0.00437164
ireland1_0017	0.426735	0.519228	0.02767563
ireland1_0018	0.612542	0.730829	0.03432465
ireland1_0022	0.004693	0.000000	0.00018311
ireland1_0023	0.082421	0.000000	0.00137711
ireland1_0024	0.310448	0.421725	0.00119400
ireland1_0025	0.728221	0.795341	0.04273987
ireland1_0026	0.826182	0.884272	0.06325531
ireland1_0027	0.703812	0.826787	0.02865219
ireland1_0029	0.617457	0.754379	0.00914764
ireland1_0030	0.441273	0.494091	0.01161957
ireland1_0032	0.444606	0.555911	0.00119400
ireland1_0033	0.913134	0.963535	0.01506424
ireland1_0034	0.865726	0.914842	0.04233170
ireland1_0035	0.791741	0.868404	0.04640961
ireland1_0036	0.865218	0.920128	0.02268600
ireland1_0037	0.796182	0.889908	0.00914764
ireland1_0038	0.737709	0.855570	0.01143646
ireland1_0039	0.730731	0.911053	0.00583267
ireland1_0042	0.925617	0.974432	0.02804947
ireland1_0043	0.877327	0.925114	0.03932571
ireland1_0044	0.860129	0.919147	0.01127625
ireland1_0049	0.911462	0.964871	0.02095795
ireland1_0050	0.941046	0.971822	0.04426956
ireland1_0051	0.903158	0.942660	0.05082703
ireland1_0052	0.920714	0.962446	0.02569962
ireland1_0053	0.306882	0.316514	0.00166321
ireland1_0057	0.904053	0.941027	0.02095795
ireland1_0058	0.938787	0.969426	0.03418732
ireland1_0059	0.894624	0.937983	0.04047394
ireland1_0060	0.893279	0.930243	0.02542877
ireland1_0061	0.805755	0.915138	0.00166321
ireland1_0066	0.942149	0.991646	0.00456619
ireland2_0004	0.766712	0.841191	0.09992599
ireland2_0005	0.756942	0.835314	0.09534073
ireland2_0010	0.011694	0.000000	0.01557541
ireland2_0012	0.827691	0.889903	0.02047729
ireland2_0013	0.866761	0.923738	0.11409760
ireland2_0015	0.548133	0.701948	0.00450516
ireland2_0019	0.115486	0.110044	0.02183914
ireland2_0020	0.549568	0.551682	0.03764343
ireland2_0021	0.904906	0.948852	0.04437637
ireland2_0023	0.310808	0.325141	0.01955795
ireland2_0024	0.311407	0.313294	0.00450516
ireland2_0028	0.436937	0.492499	0.01195145
ireland2_0029	0.768753	0.823466	0.04581070
ireland2_0030	0.783975	0.835856	0.05140686
ireland2_0032	0.089789	0.072419	0.01869965
ireland2_0033	0.069923	0.000000	0.00037384
ireland2_0034	0.127049	0.147321	0.00085449
ireland2_0037	0.224482	0.254863	0.00568771
ireland2_0039	0.738389	0.794616	0.04123306
ireland2_0040	0.399277	0.443685	0.02455521
ireland2_0041	0.219873	0.236822	0.00998688
ireland2_0042	0.162617	0.092262	0.00384521
ireland2_0043	0.249947	0.298060	0.00432587
ireland2_0044	0.007297	0.000000	0.00048065
ireland2_0048	0.699901	0.761140	0.01806259
ireland2_0049	0.559229	0.628482	0.00849152
ireland2_0050	0.058281	0.000000	0.00045395
ireland2_0051	0.436965	0.595604	0.00347137
ireland2_0052	0.416930	0.513187	0.00347137
ireland2_0056	0.234973	0.278912	0.00168228
