img_id	w4	w5
biodiversity_0001	0.00490498	0.00000096
biodiversity_0002	0.00415087	0.00000080
biodiversity_0005	0.02094891	0.00000040
biodiversity_0006	0.01877250	0.00000039
biodiversity_0007	0.01404140	0.15235059
biodiversity_0012	0.00000045	0.00000045
biodiversity_0016	0.01260770	0.00000033
biodiversity_0017	0.00338357	0.00000033
biodiversity_0018	0.00000031	0.00000031
biodiversity_0019	0.00243334	0.00000029
biodiversity_0021	0.08409783	0.00000033
biodiversity_0022	0.03440722	0.00000033
biodiversity_0024	0.01926492	0.00000032
biodiversity_0025	0.00000027	0.00000027
biodiversity_0027	0.04102215	0.00000032
biodiversity_0028	0.02404330	0.00000029
biodiversity_0029	0.00000027	0.00000027
biodiversity_0030	0.00000028	0.00000028
biodiversity_0031	0.00342656	0.00000027
biodiversity_0032	0.00977662	0.00000030
biodiversity_0034	0.00623036	0.00000028
biodiversity_0035	0.00660397	0.00000030
biodiversity_0037	0.00000018	0.00000018
biodiversity_0038	0.00000019	0.00000019
biodiversity_0039	0.00000016	0.00000016
biodiversity_0040	0.00000017	0.00000017
biodiversity_0042	0.00000017	0.00000017
biodiversity_0043	0.00514135	0.00000032
biodiversity_0045	0.00000079	0.00000079
biodiversity_0047	0.02414434	0.00000084
biodiversity_0049	0.01767464	0.00656324
biodiversity_0050	0.02421747	0.00757540
biodiversity_0051	0.01440877	0.00000026
biodiversity_0052	0.01427570	0.00274531
biodiversity_0053	0.00933283	0.06210135
biodiversity_0054	0.00000021	0.14763188
biodiversity_0055	0.00000025	0.21876055
biodiversity_0056	0.00000049	0.26746589
biodiversity_0057	0.00000072	0.10657290
biodiversity_0060	0.00291014	0.00000023
biodiversity_0064	0.01336647	0.00157200
biodiversity_0065	0.00523982	0.00116489
biodiversity_0066	0.00781072	0.00000015
biodiversity_0068	0.01112600	0.00000021
biodiversity_0069	0.01759009	0.00000022
biodiversity_0070	0.01332991	0.00000020
biodiversity_0071	0.00000015	0.00000015
biodiversity_0075	0.02760628	0.00000026
biodiversity_0076	0.00000024	0.00000858
biodiversity_0079	0.00125302	0.00000019
biodiversity_0080	0.00594853	0.00000022
biodiversity_0082	0.00000020	0.00000020
biodiversity_0083	0.00000016	0.00000016
biodiversity_0085	0.00000016	0.00000016
biodiversity_0087	0.00000018	0.00000018
biodiversity_0088	0.00000018	0.00000018
biodiversity_0089	0.00408161	0.00000021
biodiversity_0091	0.01154733	0.00000058
biodiversity_0092	0.01881984	0.00000083
biodiversity_0094	0.03070757	0.00000065
biodiversity_0095	0.02520771	0.00000027
biodiversity_0099	0.01557556	0.00340797
biodiversity_0100	0.01905221	0.01210811
biodiversity_0103	0.00000043	0.31976314
biodiversity_0104	0.00000070	0.27893877
biodiversity_0105	0.00000055	0.03720660
biodiversity_0107	0.00501506	0.00000022
biodiversity_0109	0.01361697	0.00000018
biodiversity_0110	0.03931996	0.00014050
biodiversity_0111	0.02597131	0.00194941
biodiversity_0115	0.00242630	0.00204390
biodiversity_0116	0.00679959	0.00204723
biodiversity_0117	0.00643315	0.00000019
biodiversity_0119	0.00083208	0.00000017
biodiversity_0120	0.01058815	0.00000024
biodiversity_0121	0.05227726	0.00000031
biodiversity_0122	0.03572163	0.00000027
biodiversity_0123	0.00000038	0.02699303
biodiversity_0124	0.00519094	0.02311043
biodiversity_0126	0.00195685	0.00000013
biodiversity_0128	0.00765949	0.00000020
biodiversity_0129	0.00136012	0.00000017
biodiversity_0130	0.00000016	0.00000016
biodiversity_0131	0.00000014	0.00000014
biodiversity_0134	0.00000015	0.00000015
biodiversity_0136	0.00474055	0.00000020
biodiversity_0137	0.00626784	0.00000026
biodiversity_0138	0.01477200	0.00000057
biodiversity_0141	0.01431583	0.00000050
biodiversity_0142	0.00832800	0.00000018
biodiversity_0143	0.00317933	0.00000014
biodiversity_0145	0.00000016	0.00000016
biodiversity_0146	0.00918787	0.00000020
biodiversity_0147	0.02286538	0.00000023
biodiversity_0148	0.01503011	0.01265367
biodiversity_0150	0.00000038	0.16826375
biodiversity_0152	0.00000034	0.01782916
biodiversity_0153	0.00444512	0.00000021
biodiversity_0154	0.00661870	0.00000021
biodiversity_0155	0.00286746	0.00000022
biodiversity_0156	0.00162190	0.00000014
biodiversity_0158	0.01656417	0.00000025
biodiversity_0159	0.00745730	0.00000021
biodiversity_0160	0.00177192	0.00000017
biodiversity_0162	0.00000027	0.00859759
biodiversity_0163	0.00301934	0.00781996
biodiversity_0166	0.00000021	0.00209216
biodiversity_0172	0.01444315	0.00004488
biodiversity_0173	0.04483848	0.00000026
biodiversity_0174	0.03821154	0.00385208
biodiversity_0176	0.00335989	0.00000017
biodiversity_0177	0.00000016	0.00000016
biodiversity_0178	0.00000014	0.00000014
biodiversity_0179	0.00000013	0.00000013
biodiversity_0180	0.00000018	0.00000086
biodiversity_0182	0.00000021	0.00449998
biodiversity_0184	0.00794277	0.00000020
biodiversity_0185	0.01170492	0.00367398
biodiversity_0186	0.03054955	0.00849530
biodiversity_0187	0.01329267	0.00000087
biodiversity_0188	0.00378572	0.00000040
biodiversity_0191	0.00000016	0.00000016
biodiversity_0194	0.04643975	0.00000031
biodiversity_0195	0.01595193	0.02095611
biodiversity_0196	0.00001055	0.06371127
biodiversity_0198	0.00535866	0.00903867
biodiversity_0199	0.00911539	0.00195790
biodiversity_0200	0.01042032	0.00000020
biodiversity_0202	0.00418357	0.00000024
biodiversity_0205	0.00839985	0.00000023
biodiversity_0206	0.00525240	0.00000023
biodiversity_0207	0.00117517	0.00000017
biodiversity_0210	0.00200778	0.00457148
biodiversity_0211	0.00965744	0.00000020
biodiversity_0212	0.00856795	0.00000022
biodiversity_0213	0.00000772	0.00255399
biodiversity_0214	0.00287238	0.00285775
biodiversity_0215	0.00884844	0.00000025
biodiversity_0217	0.00723000	0.01152725
biodiversity_0218	0.00281515	0.01282259
biodiversity_0220	0.04817862	0.00000029
biodiversity_0221	0.03347042	0.00382931
biodiversity_0222	0.01134363	0.00321742
biodiversity_0223	0.00587607	0.00000021
biodiversity_0224	0.00795299	0.00000022
biodiversity_0225	0.00354612	0.00000019
biodiversity_0228	0.02479623	0.06152696
biodiversity_0229	0.03688562	0.04859378
biodiversity_0230	0.03507614	0.00000030
biodiversity_0231	0.01782433	0.00000025
biodiversity_0232	0.01946724	0.00715622
biodiversity_0233	0.04752207	0.01191868
biodiversity_0234	0.03453399	0.00000082
biodiversity_0235	0.01518867	0.00000030
biodiversity_0237	0.00033792	0.00000020
biodiversity_0240	0.03532136	0.00000032
biodiversity_0242	0.00971169	0.02721150
biodiversity_0243	0.00000850	0.06907089
biodiversity_0245	0.00425716	0.01838777
biodiversity_0246	0.00820975	0.00370817
biodiversity_0247	0.00774566	0.00000018
biodiversity_0248	0.01223028	0.00000023
biodiversity_0249	0.00874322	0.00000021
biodiversity_0251	0.00199275	0.00000013
biodiversity_0252	0.00164108	0.00000020
biodiversity_0253	0.00149872	0.00000022
biodiversity_0255	0.00000017	0.00000017
biodiversity_0256	0.00000017	0.00000017
biodiversity_0257	0.00000015	0.00000015
biodiversity_0260	0.00112018	0.00006880
biodiversity_0262	0.03773559	0.00000027
biodiversity_0264	0.00661995	0.01017907
biodiversity_0266	0.00171531	0.00000022
biodiversity_0268	0.00201646	0.00000017
biodiversity_0269	0.00160298	0.00000018
biodiversity_0271	0.02423017	0.00234795
biodiversity_0272	0.02924308	0.00570178
biodiversity_0273	0.03326901	0.00284759
biodiversity_0274	0.03386789	0.00711472
biodiversity_0278	0.01417005	0.00000030
biodiversity_0280	0.02555313	0.00332983
biodiversity_0281	0.02367293	0.00000077
biodiversity_0283	0.00205905	0.00000022
biodiversity_0284	0.00029690	0.00000018
biodiversity_0285	0.00130868	0.00000018
biodiversity_0286	0.00182361	0.00000024
biodiversity_0287	0.01209967	0.00000028
biodiversity_0290	0.00000027	0.02692235
biodiversity_0291	0.00039573	0.08025475
biodiversity_0296	0.02431136	0.09364244
biodiversity_0299	0.00000018	0.00000018
biodiversity_0302	0.00001898	0.00000017
biodiversity_0306	0.02496224	0.00000022
biodiversity_0307	0.00416344	0.00000021
biodiversity_0308	0.00083822	0.00000019
biodiversity_0309	0.05066739	0.00000032
biodiversity_0310	0.05178982	0.00000032
biodiversity_0312	0.00779451	0.00715906
biodiversity_0315	0.02581698	0.00000025
biodiversity_0316	0.02249638	0.00000026
biodiversity_0317	0.04390762	0.00000029
biodiversity_0318	0.04663493	0.00726505
biodiversity_0319	0.05980090	0.04024181
biodiversity_0320	0.09238177	0.02940115
biodiversity_0321	0.03797502	0.00000025
biodiversity_0323	0.00000022	0.00000022
biodiversity_0324	0.00020321	0.00000041
biodiversity_0325	0.00440394	0.00000036
biodiversity_0329	0.00068320	0.00000019
biodiversity_0332	0.00148412	0.00000015
biodiversity_0333	0.01553548	0.00000020
biodiversity_0334	0.03655205	0.00000027
biodiversity_0337	0.00000024	0.05228827
biodiversity_0338	0.00000022	0.13453843
biodiversity_0340	0.00000040	0.17899743
biodiversity_0341	0.00000064	0.26045278
biodiversity_0343	0.01927192	0.09645537
biodiversity_0351	0.00000014	0.00000014
biodiversity_0354	0.01714686	0.00317462
biodiversity_0357	0.03401815	0.00000026
biodiversity_0358	0.01633539	0.00000029
biodiversity_0361	0.08224608	0.00000036
biodiversity_0362	0.03949844	0.00000030
biodiversity_0363	0.02046433	0.00000026
biodiversity_0364	0.04984339	0.00000030
biodiversity_0365	0.05201152	0.03774988
biodiversity_0368	0.02914181	0.00000026
biodiversity_0370	0.00000020	0.00000020
biodiversity_0371	0.00000029	0.01954384
biodiversity_0374	0.00900412	0.00591658
biodiversity_0375	0.01442439	0.00000074
biodiversity_0376	0.01457888	0.00000019
biodiversity_0377	0.01735140	0.00000020
biodiversity_0378	0.01733674	0.00000022
biodiversity_0379	0.02309634	0.00000022
biodiversity_0380	0.04083419	0.00000026
biodiversity_0381	0.06272972	0.00000031
biodiversity_0385	0.00000025	0.20258660
biodiversity_0388	0.01550434	0.12659253
biodiversity_0389	0.00143467	0.06374753
biodiversity_0391	0.01468808	0.00132318
biodiversity_0393	0.00000016	0.00000016
biodiversity_0394	0.00000015	0.00000015
biodiversity_0395	0.00000014	0.00000014
biodiversity_0396	0.00291180	0.00000015
biodiversity_0398	0.00143536	0.00000013
biodiversity_0399	0.00981980	0.00000025
biodiversity_0401	0.01215505	0.01121502
biodiversity_0404	0.01708280	0.00000021
biodiversity_0405	0.03816793	0.00000071
biodiversity_0406	0.00625763	0.00000017
biodiversity_0411	0.00814549	0.00000018
biodiversity_0412	0.01230194	0.02391944
biodiversity_0415	0.02131616	0.00000028
biodiversity_0417	0.00000016	0.00000016
biodiversity_0419	0.00000037	0.04288830
biodiversity_0422	0.00767769	0.00000073
biodiversity_0424	0.06251783	0.02637492
biodiversity_0426	0.02936668	0.00969108
biodiversity_0427	0.02098663	0.00000026
biodiversity_0428	0.02280169	0.00000027
biodiversity_0429	0.01953785	0.00000025
biodiversity_0430	0.00663126	0.01454865
biodiversity_0433	0.00104346	0.22801613
biodiversity_0436	0.00122300	0.08760240
biodiversity_0437	0.01166530	0.04167469
biodiversity_0438	0.01833446	0.00000024
biodiversity_0439	0.00588405	0.00000018
biodiversity_0440	0.00000015	0.00000015
biodiversity_0441	0.00000016	0.00000016
biodiversity_0442	0.00000016	0.00000016
biodiversity_0443	0.01813444	0.00000018
biodiversity_0448	0.00000019	0.00716280
biodiversity_0449	0.00000013	0.00000013
biodiversity_0451	0.00203426	0.03421549
biodiversity_0452	0.00000052	0.13586631
biodiversity_0453	0.00000043	0.07545214
biodiversity_0455	0.03850060	0.00000027
biodiversity_0456	0.00949063	0.00000020
biodiversity_0457	0.00078888	0.00000011
biodiversity_0458	0.00000026	0.00000026
biodiversity_0459	0.00000016	0.00000016
biodiversity_0462	0.01643474	0.00000026
biodiversity_0463	0.00259347	0.00000021
biodiversity_0465	0.00000033	0.04682422
biodiversity_0466	0.00000043	0.06565983
biodiversity_0469	0.00101765	0.00000072
biodiversity_0470	0.03694420	0.00000027
biodiversity_0472	0.00035451	0.07319798
biodiversity_0473	0.00000030	0.01509362
biodiversity_0475	0.00208766	0.00000020
biodiversity_0478	0.00000028	0.12341548
biodiversity_0480	0.00000029	0.20294234
biodiversity_0481	0.00272825	0.05965320
biodiversity_0482	0.00432613	0.03990706
biodiversity_0483	0.00000020	0.05187119
biodiversity_0485	0.00890726	0.00000021
biodiversity_0486	0.00583837	0.00000021
biodiversity_0492	0.01661591	0.00000020
biodiversity_0493	0.02670236	0.00000022
biodiversity_0495	0.00031388	0.00021741
biodiversity_0496	0.00000027	0.01726889
biodiversity_0497	0.00000029	0.02749913
biodiversity_0499	0.00000073	0.48849322
biodiversity_0500	0.00589121	0.21741870
biodiversity_0501	0.02698836	0.00829940
biodiversity_0502	0.02169052	0.00000024
biodiversity_0503	0.00545698	0.00000017
biodiversity_0507	0.00000019	0.00000019
biodiversity_0508	0.04096940	0.00000025
biodiversity_0509	0.10428130	0.00000041
biodiversity_0512	0.00000059	0.19409268
biodiversity_0514	0.00000037	0.04191775
biodiversity_0515	0.00098175	0.00000020
biodiversity_0516	0.00350439	0.00000072
biodiversity_0518	0.00804952	0.01145036
biodiversity_0522	0.00080565	0.00000019
biodiversity_0523	0.01104046	0.00016564
biodiversity_0524	0.01346063	0.02851173
biodiversity_0525	0.00000028	0.14585286
biodiversity_0527	0.00000022	0.11024112
biodiversity_0529	0.00000015	0.00168611
biodiversity_0532	0.01131116	0.00632071
biodiversity_0536	0.03678863	0.00000027
biodiversity_0537	0.05736467	0.00000030
biodiversity_0540	0.02330654	0.00000023
biodiversity_0542	0.00568157	0.00024421
biodiversity_0543	0.00000029	0.04695025
biodiversity_0545	0.00000044	0.14761753
biodiversity_0546	0.00000064	0.40120587
biodiversity_0547	0.01939517	0.25674032
biodiversity_0548	0.02077098	0.00693301
biodiversity_0549	0.00884332	0.00000021
biodiversity_0554	0.00075427	0.00000019
biodiversity_0555	0.07596967	0.00000031
biodiversity_0558	0.00000024	0.00000024
biodiversity_0562	0.00282391	0.00000019
biodiversity_0564	0.00458859	0.00000018
biodiversity_0565	0.00397537	0.00000017
biodiversity_0566	0.00052575	0.00000021
biodiversity_0567	0.00000018	0.00000018
biodiversity_0568	0.00000017	0.00000017
biodiversity_0569	0.00172776	0.00000021
biodiversity_0571	0.06430897	0.10035843
biodiversity_0574	0.00000016	0.05253927
biodiversity_0575	0.00000016	0.00076696
biodiversity_0577	0.00000018	0.00000018
biodiversity_0579	0.03676701	0.00774675
biodiversity_0580	0.06823965	0.04266273
biodiversity_0581	0.04985822	0.03446193
biodiversity_0583	0.03214393	0.00000024
biodiversity_0584	0.01797132	0.00000021
biodiversity_0587	0.01234908	0.00718715
biodiversity_0591	0.00000043	0.07090681
biodiversity_0592	0.00000055	0.07782130
biodiversity_0594	0.00711564	0.05065069
biodiversity_0595	0.01132809	0.00155992
biodiversity_0600	0.00299220	0.00000017
biodiversity_0601	0.00068707	0.00000017
biodiversity_0602	0.03455621	0.01097237
biodiversity_0604	0.03485351	0.00362697
biodiversity_0605	0.00515988	0.00000022
biodiversity_0607	0.00000033	0.02599587
biodiversity_0608	0.00030549	0.00746989
biodiversity_0609	0.00961406	0.00000018
biodiversity_0610	0.03791453	0.00000072
biodiversity_0611	0.00136788	0.00000021
biodiversity_0612	0.00161615	0.00000018
biodiversity_0613	0.00050045	0.00000020
biodiversity_0614	0.00000015	0.00000015
biodiversity_0615	0.00190749	0.00000017
biodiversity_0616	0.02361910	0.00000026
biodiversity_0620	0.01318793	0.03209237
biodiversity_0621	0.01711892	0.01858450
biodiversity_0623	0.00403952	0.00000019
biodiversity_0624	0.00447846	0.00000016
biodiversity_0626	0.07734999	0.00000030
biodiversity_0627	0.08185441	0.00000035
biodiversity_0629	0.00349523	0.00000021
biodiversity_0632	0.00305635	0.00000017
biodiversity_0633	0.00317669	0.00000018
biodiversity_0636	0.00000057	0.17462485
biodiversity_0637	0.00000024	0.01438380
biodiversity_0639	0.00000066	0.21103236
biodiversity_0642	0.01521346	0.01080125
biodiversity_0644	0.00015244	0.00000016
biodiversity_0645	0.00169652	0.00000016
biodiversity_0646	0.00899760	0.00000021
biodiversity_0649	0.02977572	0.01232166
biodiversity_0650	0.02438855	0.01588017
biodiversity_0652	0.00831541	0.00000030
biodiversity_0653	0.00655477	0.00000026
biodiversity_0655	0.00860868	0.00000021
biodiversity_0656	0.02774011	0.00000029
biodiversity_0657	0.04292751	0.00000074
biodiversity_0660	0.00453038	0.00000018
biodiversity_0661	0.01638816	0.00000022
biodiversity_0664	0.02708734	0.00000025
biodiversity_0666	0.02500200	0.00000028
biodiversity_0669	0.01198819	0.00000026
biodiversity_0670	0.00474232	0.00000022
biodiversity_0671	0.00491740	0.00000018
biodiversity_0672	0.01688009	0.00000017
biodiversity_0674	0.03238823	0.00000027
biodiversity_0675	0.00327388	0.00000021
biodiversity_0676	0.00289606	0.00000019
biodiversity_0677	0.00125353	0.00000018
biodiversity_0678	0.00581994	0.00000017
biodiversity_0680	0.00089527	0.00000018
biodiversity_0682	0.00000040	0.19732302
biodiversity_0683	0.00000033	0.13572328
biodiversity_0684	0.00000023	0.01415347
biodiversity_0685	0.00000057	0.16460882
biodiversity_0686	0.00000062	0.40873538
biodiversity_0687	0.00000085	0.60612388
biodiversity_0690	0.00959083	0.00582607
biodiversity_0692	0.00164664	0.00000014
biodiversity_0695	0.02099750	0.00000019
biodiversity_0696	0.05875076	0.00324585
biodiversity_0697	0.03337763	0.00319404
biodiversity_0702	0.01118607	0.00000024
biodiversity_0704	0.01151812	0.00000073
biodiversity_0705	0.00149396	0.00000027
biodiversity_0708	0.02995365	0.00000028
biodiversity_0710	0.00525261	0.00000019
biodiversity_0712	0.02998797	0.00000032
biodiversity_0716	0.00000019	0.00000019
biodiversity_0717	0.00265959	0.00000025
biodiversity_0718	0.00232741	0.00055989
biodiversity_0719	0.00000016	0.00081853
biodiversity_0720	0.00265821	0.00045167
biodiversity_0722	0.00515406	0.00000019
biodiversity_0723	0.00203361	0.00000018
biodiversity_0725	0.00363822	0.00000014
biodiversity_0726	0.00322386	0.00000017
biodiversity_0727	0.00000018	0.00000018
biodiversity_0728	0.00000042	0.06337187
biodiversity_0729	0.00000055	0.24453301
biodiversity_0731	0.00000035	0.03891858
biodiversity_0732	0.00000058	0.16059339
biodiversity_0733	0.00000080	0.47257248
biodiversity_0735	0.02382507	0.71522746
biodiversity_0737	0.00284714	0.00500260
biodiversity_0738	0.00056712	0.00000018
biodiversity_0742	0.00537004	0.00000019
biodiversity_0743	0.03556303	0.00379239
biodiversity_0745	0.02147034	0.00000022
biodiversity_0747	0.00000015	0.00000015
biodiversity_0749	0.00264947	0.00000020
biodiversity_0750	0.00274758	0.00000021
biodiversity_0751	0.00028205	0.00000071
biodiversity_0752	0.03930747	0.00000031
biodiversity_0753	0.00930868	0.00000022
biodiversity_0756	0.00370288	0.00000018
biodiversity_0758	0.00072653	0.00000011
biodiversity_0759	0.01795726	0.00000032
biodiversity_0760	0.01558459	0.00000032
biodiversity_0761	0.00000014	0.00000014
biodiversity_0763	0.00000018	0.00000018
biodiversity_0765	0.00354705	0.02870293
biodiversity_0766	0.00000036	0.03921128
biodiversity_0768	0.00250924	0.00000016
biodiversity_0769	0.00331112	0.00000022
biodiversity_0770	0.00000017	0.00000017
biodiversity_0771	0.00120786	0.00000018
biodiversity_0772	0.00270403	0.01437411
biodiversity_0774	0.00531104	0.03761001
biodiversity_0775	0.00678021	0.01800195
biodiversity_0776	0.00442097	0.16064144
biodiversity_0777	0.00000062	0.23563708
biodiversity_0778	0.00000041	0.06132404
biodiversity_0780	0.00000062	0.21274000
biodiversity_0781	0.00115458	0.16222103
biodiversity_0782	0.01333068	0.18185569
biodiversity_0783	0.00825399	0.11264925
biodiversity_0784	0.00000040	0.10788740
biodiversity_0785	0.00054023	0.02112143
biodiversity_0786	0.00249577	0.00000019
biodiversity_0787	0.00269494	0.00000017
biodiversity_0788	0.00072707	0.00000016
biodiversity_0789	0.00000016	0.00000016
biodiversity_0792	0.02212676	0.00000028
biodiversity_0794	0.00000015	0.00000015
biodiversity_0795	0.00120332	0.00000017
biodiversity_0796	0.00624905	0.00000024
biodiversity_0798	0.00086685	0.00000071
biodiversity_0799	0.04125335	0.00000029
biodiversity_0800	0.00607152	0.00000021
biodiversity_0801	0.00029260	0.00000013
biodiversity_0802	0.00000011	0.00000011
biodiversity_0805	0.00212525	0.00000017
biodiversity_0806	0.00870440	0.00000026
biodiversity_0807	0.00403132	0.00000019
biodiversity_0808	0.00000044	0.00000044
biodiversity_0810	0.00000016	0.00000016
biodiversity_0812	0.00000040	0.04285203
biodiversity_0815	0.00161622	0.00000021
biodiversity_0817	0.00000014	0.00000014
biodiversity_0818	0.00000016	0.00021929
biodiversity_0819	0.00000040	0.07971145
biodiversity_0820	0.00086515	0.30238925
biodiversity_0821	0.01287668	0.13186184
biodiversity_0822	0.00916604	0.00674438
biodiversity_0825	0.00000030	0.01950446
biodiversity_0826	0.00000034	0.02580282
biodiversity_0830	0.00000041	0.09106815
biodiversity_0831	0.00000060	0.19984911
biodiversity_0832	0.00000025	0.02698447
biodiversity_0833	0.00000019	0.00000019
biodiversity_0834	0.00000017	0.00000017
biodiversity_0836	0.00078845	0.00000018
biodiversity_0838	0.01232372	0.04560703
biodiversity_0839	0.01203456	0.02220525
biodiversity_0840	0.00419933	0.00000018
biodiversity_0841	0.01105068	0.00000024
biodiversity_0842	0.02728679	0.00000029
biodiversity_0844	0.00336305	0.00000022
biodiversity_0845	0.00086583	0.00000071
biodiversity_0846	0.00804615	0.00000027
biodiversity_0847	0.00000017	0.00000017
biodiversity_0849	0.00000007	0.00000007
biodiversity_0851	0.00000016	0.00000016
biodiversity_0853	0.00413735	0.00000022
biodiversity_0854	0.01392090	0.00000022
biodiversity_0856	0.00349869	0.00000021
biodiversity_0859	0.00000034	0.00840212
biodiversity_0861	0.00000027	0.00304281
biodiversity_0862	0.00322499	0.00000027
biodiversity_0863	0.00479737	0.00000022
biodiversity_0867	0.00065805	0.30656391
biodiversity_0870	0.00094611	0.00000012
biodiversity_0871	0.00000012	0.00000012
biodiversity_0872	0.00000016	0.00000016
biodiversity_0874	0.00240967	0.00000016
biodiversity_0875	0.00539918	0.00000016
biodiversity_0876	0.00329402	0.00000017
biodiversity_0877	0.00000029	0.02910210
biodiversity_0878	0.00000022	0.02522870
biodiversity_0879	0.00000019	0.00258918
biodiversity_0880	0.00000018	0.00000018
biodiversity_0881	0.00083808	0.00000015
biodiversity_0882	0.00588399	0.00000021
biodiversity_0884	0.00259746	0.00000016
biodiversity_0885	0.00775175	0.02399184
biodiversity_0886	0.01510008	0.02369604
biodiversity_0887	0.00681077	0.00000017
biodiversity_0890	0.02032962	0.00000026
biodiversity_0892	0.00278647	0.00000071
biodiversity_0893	0.00200900	0.00000025
biodiversity_0894	0.00000016	0.00000016
biodiversity_0895	0.00000012	0.00000012
biodiversity_0897	0.00000024	0.00000024
biodiversity_0898	0.00000017	0.00000017
biodiversity_0900	0.00824130	0.00000026
biodiversity_0901	0.02505339	0.00000027
biodiversity_0903	0.00462230	0.00000024
biodiversity_0904	0.00000020	0.00000020
biodiversity_0905	0.00000017	0.00000017
biodiversity_0907	0.00000017	0.00000017
biodiversity_0909	0.00093494	0.00000022
biodiversity_0911	0.00791489	0.00000020
biodiversity_0914	0.00073805	0.22249283
biodiversity_0915	0.00127793	0.08701266
biodiversity_0916	0.00335020	0.00762311
biodiversity_0917	0.00144066	0.00000009
biodiversity_0920	0.00027616	0.00000015
biodiversity_0921	0.00214139	0.00000015
biodiversity_0923	0.00000014	0.00000014
biodiversity_0924	0.00000027	0.05053115
biodiversity_0925	0.00000026	0.05561692
biodiversity_0926	0.00000010	0.00266535
biodiversity_0929	0.01046667	0.00000021
biodiversity_0930	0.00933504	0.00000017
biodiversity_0931	0.00085315	0.00000010
biodiversity_0932	0.01473206	0.00411871
biodiversity_0933	0.02089608	0.00441473
biodiversity_0934	0.00470635	0.00000020
biodiversity_0935	0.00283206	0.00000019
biodiversity_0937	0.01909215	0.00000021
biodiversity_0938	0.01925892	0.00267787
biodiversity_0939	0.00748705	0.00934024
biodiversity_0942	0.00119180	0.00000014
biodiversity_0943	0.00000014	0.00000014
biodiversity_0944	0.00000015	0.00000015
biodiversity_0947	0.01389236	0.00000027
biodiversity_0948	0.00890541	0.00000025
biodiversity_0949	0.00358524	0.00000020
biodiversity_0951	0.02704390	0.00000020
biodiversity_0953	0.00000016	0.00000016
biodiversity_0954	0.00000017	0.00000017
biodiversity_0955	0.00000017	0.00000017
biodiversity_0956	0.00291759	0.01196246
biodiversity_0960	0.01151472	0.20371522
biodiversity_0961	0.00720423	0.14874653
biodiversity_0962	0.00000022	0.00405325
biodiversity_0964	0.00094704	0.00000011
biodiversity_0966	0.00000015	0.00000015
biodiversity_0967	0.00000015	0.00000015
biodiversity_0968	0.00000016	0.00000016
biodiversity_0970	0.00000019	0.00000019
biodiversity_0971	0.00000018	0.02553695
biodiversity_0972	0.00000017	0.02818661
biodiversity_0973	0.00000009	0.00216042
biodiversity_0974	0.00000014	0.00000014
biodiversity_0975	0.00000017	0.00000017
biodiversity_0976	0.01009175	0.00000020
biodiversity_0979	0.01073206	0.00000018
biodiversity_0980	0.02221246	0.00000025
biodiversity_0982	0.00000019	0.00000019
biodiversity_0983	0.00697596	0.00817668
biodiversity_0985	0.01355680	0.11298049
biodiversity_0987	0.01932607	0.00811708
biodiversity_0990	0.00000014	0.00000014
biodiversity_0991	0.00000013	0.00000013
biodiversity_0992	0.00000018	0.00000018
biodiversity_0995	0.00054622	0.00000019
biodiversity_0996	0.00007321	0.00000017
biodiversity_0998	0.04956915	0.00000025
biodiversity_1000	0.00044871	0.00000014
biodiversity_1001	0.00000019	0.00000019
biodiversity_1002	0.00000024	0.01031373
biodiversity_1004	0.05314601	0.04152584
biodiversity_1005	0.05548345	0.03193410
biodiversity_1006	0.00827378	0.14897577
biodiversity_1007	0.03625819	0.23827840
biodiversity_1008	0.02490096	0.05521427
biodiversity_1009	0.00089981	0.00000015
biodiversity_1010	0.00000015	0.00043549
biodiversity_1011	0.00000015	0.00170871
biodiversity_1012	0.00000016	0.00139165
biodiversity_1014	0.00000017	0.00000017
biodiversity_1015	0.00073402	0.00000016
biodiversity_1016	0.00171682	0.00000037
biodiversity_1018	0.00000022	0.00011285
biodiversity_1019	0.00000016	0.00008159
biodiversity_1020	0.00000014	0.00000014
biodiversity_1021	0.00000016	0.00000016
biodiversity_1022	0.00000016	0.00000016
biodiversity_1023	0.01793979	0.00000024
biodiversity_1026	0.00367979	0.00000015
biodiversity_1027	0.01420146	0.00000025
biodiversity_1028	0.00717656	0.00000023
biodiversity_1031	0.01218027	0.13130572
biodiversity_1034	0.00780964	0.00771611
biodiversity_1036	0.00000010	0.00000010
biodiversity_1037	0.00019020	0.00000011
biodiversity_1038	0.00032323	0.00000018
biodiversity_1039	0.01091712	0.00000030
biodiversity_1041	0.01369727	0.00558223
biodiversity_1043	0.00008269	0.00000016
biodiversity_1044	0.00986139	0.00000023
biodiversity_1046	0.00683625	0.00000018
biodiversity_1047	0.00252774	0.00000015
biodiversity_1048	0.00491569	0.00013509
biodiversity_1049	0.00468332	0.01797251
biodiversity_1050	0.00087434	0.02492989
biodiversity_1054	0.02752765	0.26912557
biodiversity_1057	0.00000033	0.05684990
biodiversity_1059	0.00697525	0.02587972
biodiversity_1061	0.00000017	0.00000017
biodiversity_1062	0.01385917	0.00000019
biodiversity_1064	0.00000040	0.00000040
biodiversity_1065	0.00000036	0.00000036
biodiversity_1066	0.00000019	0.00000019
biodiversity_1067	0.00194752	0.00000017
biodiversity_1068	0.00200016	0.00000017
biodiversity_1073	0.00042153	0.00433172
biodiversity_1074	0.02517166	0.00866064
biodiversity_1075	0.02211322	0.00208961
biodiversity_1076	0.00001672	0.00000021
biodiversity_1077	0.01240143	0.01561175
biodiversity_1078	0.01647867	0.06582974
biodiversity_1079	0.00252223	0.08554068
biodiversity_1080	0.00000075	0.07673578
biodiversity_1081	0.00000022	0.00000022
biodiversity_1082	0.00000015	0.00000015
biodiversity_1083	0.00000017	0.00000017
biodiversity_1084	0.01137385	0.00000024
biodiversity_1085	0.01928550	0.00000030
biodiversity_1088	0.02127623	0.00676083
biodiversity_1090	0.00001440	0.00000016
biodiversity_1091	0.00195460	0.00000020
biodiversity_1092	0.00277393	0.00000021
biodiversity_1093	0.00458955	0.00000016
biodiversity_1095	0.00795815	0.00010970
biodiversity_1097	0.00000023	0.01006645
biodiversity_1100	0.11821925	0.25053144
biodiversity_1101	0.05150510	0.21959226
biodiversity_1103	0.00545076	0.03598651
biodiversity_1104	0.00000048	0.20052721
biodiversity_1105	0.00000049	0.19286461
biodiversity_1106	0.01764168	0.02004249
biodiversity_1108	0.00317055	0.00000024
biodiversity_1110	0.04588060	0.00000038
biodiversity_1111	0.01430923	0.00000045
biodiversity_1114	0.04461688	0.00408820
biodiversity_1115	0.04475575	0.00000029
biodiversity_1116	0.01013224	0.00000029
biodiversity_1117	0.01172455	0.00000024
biodiversity_1118	0.02012962	0.00767139
biodiversity_1119	0.00736926	0.00633550
biodiversity_1121	0.02793715	0.00783393
biodiversity_1122	0.02743926	0.00195633
biodiversity_1123	0.00123245	0.00000021
biodiversity_1125	0.00656494	0.00801556
biodiversity_1127	0.00236947	0.00000069
biodiversity_1128	0.00000027	0.00000027
biodiversity_1131	0.01561496	0.00000032
biodiversity_1136	0.00000016	0.00012052
biodiversity_1137	0.00000018	0.00000018
biodiversity_1140	0.00787477	0.00000017
biodiversity_1143	0.00000762	0.00000019
biodiversity_1144	0.00000017	0.00000017
biodiversity_1145	0.00863149	0.00000022
biodiversity_1146	0.05305015	0.00416314
biodiversity_1147	0.08956731	0.04318987
biodiversity_1148	0.07408431	0.12932754
biodiversity_1149	0.00953845	0.04754098
biodiversity_1152	0.00684527	0.05293026
biodiversity_1153	0.02117406	0.00000021
biodiversity_1155	0.03261506	0.00000034
biodiversity_1156	0.04810067	0.00000032
biodiversity_1157	0.04646546	0.00000036
biodiversity_1158	0.05680378	0.00000035
biodiversity_1160	0.06148495	0.05821827
biodiversity_1163	0.04670938	0.00677745
biodiversity_1164	0.06255432	0.03645704
biodiversity_1166	0.00675312	0.01391065
biodiversity_1167	0.00232923	0.00000016
biodiversity_1168	0.03128110	0.00000023
biodiversity_1169	0.02922760	0.00000022
biodiversity_1170	0.00113328	0.00000016
biodiversity_1172	0.00000011	0.00000011
biodiversity_1175	0.00251739	0.00000031
biodiversity_1177	0.00287107	0.00000026
biodiversity_1178	0.00569939	0.00000025
biodiversity_1179	0.00734524	0.00000022
biodiversity_1181	0.01942510	0.00000023
biodiversity_1182	0.01357223	0.00000023
biodiversity_1188	0.00744269	0.00000015
biodiversity_1189	0.00959180	0.00000021
biodiversity_1190	0.00000020	0.00000020
biodiversity_1192	0.00455600	0.00172801
biodiversity_1193	0.02098843	0.00205221
biodiversity_1194	0.02837747	0.00100782
biodiversity_1195	0.03293501	0.01124281
biodiversity_1199	0.01661086	0.00831509
biodiversity_1200	0.04016828	0.00000029
biodiversity_1201	0.05317647	0.00000035
biodiversity_1202	0.02401083	0.00000029
biodiversity_1204	0.02135351	0.02627815
biodiversity_1208	0.04491920	0.05005716
biodiversity_1209	0.04232793	0.00295142
biodiversity_1210	0.05142415	0.00792408
biodiversity_1211	0.06236685	0.04640580
biodiversity_1212	0.03539474	0.03792383
biodiversity_1213	0.00534861	0.00688118
biodiversity_1214	0.00333707	0.00826410
biodiversity_1215	0.03430581	0.00950569
biodiversity_1216	0.03284924	0.01485398
biodiversity_1221	0.00000069	0.00000069
biodiversity_1223	0.00163829	0.00000021
biodiversity_1224	0.00255832	0.00000024
biodiversity_1226	0.00540225	0.00000018
biodiversity_1229	0.01197033	0.00000024
biodiversity_1230	0.00204010	0.00000020
biodiversity_1231	0.00004756	0.00000019
biodiversity_1232	0.00220808	0.00000019
biodiversity_1233	0.00738062	0.00000017
biodiversity_1235	0.00054976	0.00000016
biodiversity_1237	0.00000024	0.00000024
biodiversity_1238	0.00082656	0.00000051
biodiversity_1239	0.01616029	0.00208355
biodiversity_1240	0.03607651	0.00224263
biodiversity_1242	0.03562441	0.00000030
biodiversity_1243	0.02084034	0.02028578
biodiversity_1244	0.01058893	0.02368581
biodiversity_1247	0.02433605	0.00000027
biodiversity_1249	0.00004801	0.00000022
biodiversity_1251	0.00013228	0.02527351
biodiversity_1252	0.00297644	0.03041535
biodiversity_1253	0.00215127	0.02575077
biodiversity_1254	0.00154960	0.06253409
biodiversity_1255	0.02176001	0.09739412
biodiversity_1258	0.01879189	0.00906965
biodiversity_1259	0.01150185	0.00269986
biodiversity_1260	0.00049633	0.00032006
biodiversity_1265	0.00000028	0.01641330
biodiversity_1266	0.00000012	0.00000012
biodiversity_1268	0.00000068	0.00000068
biodiversity_1269	0.01245821	0.00000032
biodiversity_1271	0.00000039	0.04921996
biodiversity_1274	0.00384540	0.00000019
biodiversity_1275	0.00376446	0.00000019
biodiversity_1276	0.00103357	0.00000021
biodiversity_1278	0.00000019	0.00000019
biodiversity_1280	0.00149420	0.00000014
biodiversity_1283	0.00000032	0.00000032
biodiversity_1284	0.00484484	0.00000068
biodiversity_1285	0.01731855	0.00000054
biodiversity_1286	0.01866893	0.00000030
biodiversity_1288	0.01898036	0.00000025
biodiversity_1290	0.00040316	0.01059455
biodiversity_1292	0.00000023	0.00000023
biodiversity_1293	0.00000017	0.00000017
biodiversity_1294	0.00000018	0.00000018
biodiversity_1295	0.00000015	0.00000015
biodiversity_1297	0.00000015	0.00000015
biodiversity_1299	0.00018396	0.00495790
biodiversity_1300	0.00006960	0.02905062
biodiversity_1301	0.00073293	0.11312761
biodiversity_1302	0.03699969	0.20066098
biodiversity_1304	0.01920883	0.06794454
biodiversity_1305	0.01717069	0.00860461
biodiversity_1306	0.00996453	0.03339475
biodiversity_1307	0.00000037	0.06467093
biodiversity_1308	0.00778199	0.04547445
biodiversity_1311	0.03103811	0.05584722
biodiversity_1312	0.01219122	0.01277269
biodiversity_1313	0.00200225	0.00000013
biodiversity_1314	0.00000014	0.00000014
biodiversity_1315	0.00000068	0.00000068
biodiversity_1316	0.00308014	0.00000032
biodiversity_1318	0.00000070	0.33427380
biodiversity_1319	0.00000064	0.30942604
biodiversity_1320	0.00596873	0.05336326
biodiversity_1321	0.00766516	0.01119975
biodiversity_1322	0.00218572	0.00000015
biodiversity_1323	0.01048623	0.00000020
biodiversity_1324	0.01578543	0.00000025
biodiversity_1325	0.00198337	0.00000020
biodiversity_1326	0.00000018	0.00000018
biodiversity_1328	0.00359463	0.00000014
biodiversity_1329	0.00808468	0.00000021
biodiversity_1330	0.00583790	0.00000047
biodiversity_1331	0.05625042	0.00000064
biodiversity_1332	0.05918699	0.00000052
biodiversity_1334	0.00018073	0.00000015
biodiversity_1335	0.01722321	0.00000023
biodiversity_1336	0.02975906	0.00000027
biodiversity_1337	0.00887233	0.00000025
biodiversity_1338	0.00000018	0.00000018
biodiversity_1339	0.00000025	0.00000025
biodiversity_1340	0.00000017	0.00000017
biodiversity_1341	0.00000019	0.00000019
biodiversity_1342	0.00000017	0.00000017
biodiversity_1343	0.00000012	0.00000012
biodiversity_1344	0.00000009	0.00000009
biodiversity_1346	0.00000020	0.00000020
biodiversity_1347	0.00000023	0.00831425
biodiversity_1348	0.00077695	0.03351945
biodiversity_1350	0.02140153	0.08109961
biodiversity_1351	0.00496026	0.08947835
biodiversity_1352	0.01668349	0.02251135
biodiversity_1353	0.01706718	0.05964799
biodiversity_1356	0.04701265	0.08355397
biodiversity_1358	0.03201392	0.01675444
biodiversity_1359	0.02917499	0.00654219
biodiversity_1361	0.00149297	0.00000019
biodiversity_1362	0.00529732	0.00000069
biodiversity_1367	0.00536422	0.18276725
biodiversity_1368	0.00562091	0.05627482
biodiversity_1369	0.00092834	0.00000016
biodiversity_1370	0.00988446	0.00000019
biodiversity_1371	0.01444634	0.00000023
biodiversity_1374	0.00000033	0.00000033
biodiversity_1375	0.00697023	0.00000022
biodiversity_1377	0.00684782	0.00000040
biodiversity_1378	0.03407054	0.00000042
biodiversity_1380	0.00051998	0.00000016
biodiversity_1381	0.00089804	0.00000014
biodiversity_1383	0.06735014	0.00000039
biodiversity_1384	0.01159339	0.00000024
biodiversity_1385	0.00810806	0.00000027
biodiversity_1387	0.00747409	0.00000038
biodiversity_1388	0.00000018	0.00000018
biodiversity_1389	0.00000019	0.00000019
biodiversity_1390	0.00000018	0.00000018
biodiversity_1391	0.00000015	0.00000015
biodiversity_1394	0.00000017	0.00000017
biodiversity_1396	0.00000027	0.00686566
biodiversity_1398	0.00000048	0.06768935
biodiversity_1399	0.02039849	0.08759172
biodiversity_1400	0.02112118	0.06320949
biodiversity_1404	0.01291208	0.05939312
biodiversity_1406	0.05731049	0.00000460
biodiversity_1407	0.02806681	0.00000025
biodiversity_1408	0.01720002	0.00000023
biodiversity_1410	0.00110854	0.00000029
biodiversity_1411	0.00097368	0.05983139
biodiversity_1412	0.00000025	0.16988087
biodiversity_1413	0.00000035	0.29990385
biodiversity_1415	0.01595564	0.10396008
biodiversity_1416	0.01083244	0.00000021
biodiversity_1419	0.00000019	0.00000019
biodiversity_1421	0.00000043	0.00000043
biodiversity_1423	0.00172097	0.00000018
biodiversity_1425	0.00000034	0.00000034
biodiversity_1426	0.00000022	0.00000022
biodiversity_1430	0.04285557	0.00000035
biodiversity_1431	0.00971377	0.00000028
biodiversity_1433	0.01361048	0.00000023
biodiversity_1435	0.00000017	0.00000017
biodiversity_1436	0.00000020	0.00000020
biodiversity_1439	0.00000021	0.00000021
biodiversity_1441	0.00000015	0.00000015
biodiversity_1442	0.00000014	0.00000014
biodiversity_1443	0.00000018	0.00000018
biodiversity_1444	0.00000014	0.00001239
biodiversity_1447	0.05377797	0.12155762
biodiversity_1449	0.03154620	0.26535934
biodiversity_1450	0.02656723	0.27656459
biodiversity_1451	0.01912161	0.03585607
biodiversity_1452	0.04114569	0.00045674
biodiversity_1453	0.07811726	0.00000028
biodiversity_1454	0.04941262	0.00000028
biodiversity_1455	0.01935888	0.00000024
biodiversity_1456	0.05282069	0.00000073
biodiversity_1457	0.00373274	0.00000030
biodiversity_1458	0.00312158	0.05453341
biodiversity_1459	0.00000029	0.17399114
biodiversity_1460	0.00000039	0.25104975
biodiversity_1461	0.00147389	0.17514589
biodiversity_1463	0.03208766	0.00000028
biodiversity_1464	0.00183532	0.00000016
biodiversity_1465	0.00663140	0.00000019
biodiversity_1466	0.00452349	0.00000019
biodiversity_1467	0.00000040	0.00000040
biodiversity_1469	0.00000013	0.00000013
biodiversity_1470	0.00000013	0.00000013
biodiversity_1471	0.00000016	0.00000016
biodiversity_1472	0.00000013	0.00000013
biodiversity_1477	0.01624984	0.00000022
biodiversity_1478	0.02303350	0.00000023
biodiversity_1479	0.01299893	0.00000023
biodiversity_1480	0.00192919	0.00000020
biodiversity_1481	0.00000017	0.00000017
biodiversity_1484	0.00000019	0.00000019
biodiversity_1485	0.00000016	0.00000016
biodiversity_1487	0.00000016	0.00000016
biodiversity_1488	0.00000020	0.00000020
biodiversity_1489	0.00000033	0.03541325
biodiversity_1490	0.00000036	0.08158816
biodiversity_1491	0.00000023	0.03073038
biodiversity_1492	0.00000026	0.09230014
biodiversity_1495	0.05700297	0.11408057
biodiversity_1496	0.01412941	0.15861133
biodiversity_1497	0.02146075	0.13927790
biodiversity_1499	0.02851824	0.00057268
biodiversity_1500	0.05244106	0.00070786
biodiversity_1501	0.02457620	0.00000025
biodiversity_1502	0.00571236	0.00000028
biodiversity_1508	0.00643067	0.06611320
biodiversity_1510	0.06151019	0.00000033
biodiversity_1511	0.01751128	0.00000023
biodiversity_1513	0.00952169	0.00000023
biodiversity_1514	0.00241555	0.00000032
biodiversity_1515	0.00000028	0.00000028
biodiversity_1516	0.00000012	0.00000012
biodiversity_1517	0.00000095	0.00000095
biodiversity_1518	0.00000012	0.00000012
biodiversity_1519	0.00000014	0.00000014
biodiversity_1520	0.00000013	0.00000013
biodiversity_1521	0.00000013	0.00000013
biodiversity_1522	0.00000010	0.00000010
biodiversity_1526	0.01657366	0.00294892
biodiversity_1527	0.00000017	0.00000017
biodiversity_1528	0.00000013	0.00000013
biodiversity_1529	0.00000018	0.00000018
biodiversity_1532	0.00000023	0.00548282
biodiversity_1533	0.00000020	0.00507044
biodiversity_1535	0.00000030	0.00000030
biodiversity_1536	0.00000029	0.05889195
biodiversity_1537	0.00000057	0.25933299
biodiversity_1539	0.00250591	0.08050178
biodiversity_1540	0.01528151	0.15879822
biodiversity_1542	0.05315667	0.07322559
biodiversity_1543	0.02032853	0.02666898
biodiversity_1545	0.01017520	0.02479953
biodiversity_1546	0.05901076	0.00429859
biodiversity_1547	0.04722596	0.00426776
biodiversity_1548	0.00059411	0.00000019
biodiversity_1549	0.00463750	0.00000027
biodiversity_1551	0.00627025	0.00000032
biodiversity_1552	0.00349241	0.00504406
biodiversity_1553	0.00724837	0.01854684
biodiversity_1555	0.00561316	0.01289115
biodiversity_1556	0.03640817	0.00033573
biodiversity_1557	0.06123524	0.00000030
biodiversity_1558	0.04361609	0.00000027
biodiversity_1560	0.00344726	0.00000020
biodiversity_1561	0.00128479	0.00000017
biodiversity_1562	0.00000018	0.00000018
biodiversity_1563	0.00000018	0.00000018
biodiversity_1564	0.00000066	0.00000066
biodiversity_1565	0.00000019	0.00000019
biodiversity_1566	0.00000016	0.00000016
biodiversity_1567	0.00000014	0.00000014
biodiversity_1568	0.00000011	0.00000011
biodiversity_1571	0.00120493	0.00204871
biodiversity_1572	0.01954388	0.00779050
biodiversity_1574	0.00156112	0.00518097
biodiversity_1575	0.00030550	0.00000016
biodiversity_1576	0.00000021	0.00000021
biodiversity_1577	0.00000024	0.00000024
biodiversity_1580	0.00000028	0.03195909
biodiversity_1581	0.00000020	0.00802998
biodiversity_1582	0.00000020	0.00000020
biodiversity_1583	0.00000023	0.02280064
biodiversity_1584	0.00000059	0.13437026
biodiversity_1585	0.00642137	0.04229724
biodiversity_1586	0.02878695	0.03614199
biodiversity_1587	0.03256709	0.04721355
biodiversity_1588	0.04957041	0.09042133
biodiversity_1589	0.05810946	0.10004845
biodiversity_1590	0.02036666	0.02832976
biodiversity_1594	0.03326279	0.00351304
biodiversity_1595	0.00010520	0.00000019
biodiversity_1597	0.01149288	0.00000068
biodiversity_1599	0.00592057	0.00000016
biodiversity_1600	0.00893998	0.00000018
biodiversity_1603	0.01336531	0.00000022
biodiversity_1604	0.04460535	0.00000029
biodiversity_1605	0.03997904	0.00000026
biodiversity_1606	0.01644736	0.00000021
biodiversity_1607	0.00342820	0.00000017
biodiversity_1610	0.00000021	0.00000021
biodiversity_1611	0.00000021	0.00000021
biodiversity_1612	0.00000017	0.00000017
biodiversity_1616	0.00000014	0.00000014
biodiversity_1617	0.00000013	0.00000013
biodiversity_1618	0.00000015	0.00000015
biodiversity_1620	0.03159558	0.02166297
biodiversity_1621	0.01668926	0.01893287
biodiversity_1623	0.00000019	0.00000019
biodiversity_1624	0.00000021	0.00000021
biodiversity_1628	0.00000020	0.00785425
biodiversity_1630	0.00000014	0.00060432
biodiversity_1631	0.00474411	0.00089235
biodiversity_1632	0.02229554	0.00538460
biodiversity_1635	0.01328952	0.02962907
biodiversity_1636	0.04591694	0.11674879
biodiversity_1638	0.00463852	0.00205473
biodiversity_1639	0.03172561	0.00000029
biodiversity_1641	0.01812936	0.00000030
biodiversity_1642	0.00533291	0.00000022
biodiversity_1643	0.00563600	0.00000021
biodiversity_1644	0.01333587	0.00000068
biodiversity_1646	0.02692262	0.00000021
biodiversity_1647	0.01304616	0.00000019
biodiversity_1650	0.01296054	0.00000024
biodiversity_1651	0.02145462	0.00000023
biodiversity_1653	0.00663849	0.00000019
biodiversity_1654	0.00334435	0.00000016
biodiversity_1656	0.00000017	0.00000017
biodiversity_1659	0.00000015	0.00000015
biodiversity_1661	0.00065682	0.00000019
biodiversity_1662	0.00025382	0.00000017
biodiversity_1664	0.00000015	0.00000015
biodiversity_1665	0.00000016	0.00000016
biodiversity_1669	0.00503675	0.00000021
biodiversity_1670	0.00000013	0.00000013
biodiversity_1671	0.00000017	0.00000017
biodiversity_1674	0.00000025	0.03240286
biodiversity_1675	0.00000015	0.00000015
biodiversity_1677	0.00365083	0.00000013
biodiversity_1678	0.00927622	0.00000018
biodiversity_1679	0.03185700	0.00000025
biodiversity_1680	0.01969611	0.00000023
biodiversity_1681	0.00149637	0.00000018
biodiversity_1684	0.01492687	0.03126281
biodiversity_1685	0.01770788	0.00762309
biodiversity_1686	0.04717875	0.00000035
biodiversity_1687	0.04827073	0.00000030
biodiversity_1688	0.02212988	0.00000025
biodiversity_1690	0.00403674	0.00000021
biodiversity_1691	0.00813589	0.00000067
biodiversity_1693	0.03477054	0.00000025
biodiversity_1694	0.01154469	0.00000020
biodiversity_1696	0.01678341	0.00000024
biodiversity_1697	0.01264716	0.00000022
biodiversity_1699	0.01056478	0.00000019
biodiversity_1701	0.00004302	0.00000014
biodiversity_1702	0.00000015	0.00000015
biodiversity_1703	0.00000015	0.00000015
biodiversity_1706	0.00000016	0.00000016
biodiversity_1709	0.00318249	0.00000019
biodiversity_1710	0.00008336	0.00000016
biodiversity_1711	0.00115668	0.00000018
biodiversity_1712	0.00298800	0.00000019
biodiversity_1714	0.01160346	0.00351700
biodiversity_1715	0.01855074	0.00394359
biodiversity_1717	0.00000014	0.00000014
biodiversity_1720	0.00000015	0.00000015
biodiversity_1721	0.00000021	0.00000021
biodiversity_1722	0.00000015	0.00000015
biodiversity_1726	0.02365720	0.00000107
biodiversity_1727	0.00741763	0.00000021
biodiversity_1729	0.01260359	0.00000024
biodiversity_1731	0.00473485	0.00927727
biodiversity_1732	0.02903139	0.01152892
biodiversity_1735	0.01281864	0.00000023
biodiversity_1736	0.00299421	0.00000021
biodiversity_1737	0.00000018	0.00000018
biodiversity_1738	0.00000066	0.00000066
biodiversity_1739	0.01456088	0.00000034
biodiversity_1741	0.01274851	0.00000021
biodiversity_1742	0.00161159	0.00000015
biodiversity_1743	0.01454159	0.00000021
biodiversity_1744	0.01166105	0.00000020
biodiversity_1746	0.00926098	0.00000018
biodiversity_1748	0.00000016	0.00000016
biodiversity_1753	0.00000014	0.00000014
biodiversity_1754	0.00000014	0.00000014
biodiversity_1756	0.00791766	0.00000021
biodiversity_1757	0.00440159	0.00000019
biodiversity_1758	0.00212396	0.00000018
biodiversity_1759	0.00268712	0.00000016
biodiversity_1760	0.00266483	0.00000017
biodiversity_1761	0.01023229	0.00000021
biodiversity_1762	0.01500432	0.00000022
biodiversity_1763	0.00471613	0.00000019
biodiversity_1764	0.00000014	0.00000014
biodiversity_1765	0.00328152	0.00000029
biodiversity_1768	0.00000022	0.00000022
biodiversity_1769	0.00000015	0.00000015
biodiversity_1770	0.00000014	0.00000014
biodiversity_1771	0.00180780	0.00392037
biodiversity_1772	0.02158424	0.00461191
biodiversity_1773	0.02303957	0.00000113
biodiversity_1775	0.00157993	0.00000018
biodiversity_1776	0.01500579	0.00000021
biodiversity_1777	0.01596062	0.00000023
biodiversity_1779	0.04022590	0.00649560
biodiversity_1780	0.03684612	0.00000031
biodiversity_1781	0.00302629	0.00000020
biodiversity_1782	0.00168500	0.00000020
biodiversity_1783	0.00144888	0.00000018
biodiversity_1784	0.00000019	0.00000019
biodiversity_1785	0.00000066	0.00000066
biodiversity_1786	0.00256845	0.00000034
biodiversity_1787	0.01351706	0.00000020
biodiversity_1788	0.01332415	0.00000020
biodiversity_1789	0.00000012	0.00000012
biodiversity_1790	0.00648078	0.00000017
biodiversity_1791	0.01098020	0.00000020
biodiversity_1796	0.00000020	0.00000020
biodiversity_1797	0.00000021	0.00000021
biodiversity_1799	0.00000015	0.00000015
biodiversity_1801	0.00105100	0.00000014
biodiversity_1803	0.01847507	0.00000024
biodiversity_1805	0.00543718	0.00000018
biodiversity_1806	0.00011814	0.00000014
biodiversity_1809	0.01552465	0.00000021
biodiversity_1810	0.01644428	0.00000023
biodiversity_1811	0.00000011	0.00000011
biodiversity_1812	0.00000018	0.00000018
biodiversity_1815	0.00000018	0.00000018
biodiversity_1816	0.00000020	0.00269018
biodiversity_1817	0.00000017	0.00231004
biodiversity_1818	0.00000014	0.00000014
biodiversity_1819	0.00836805	0.00000018
biodiversity_1821	0.01719624	0.00000021
biodiversity_1822	0.00510127	0.00000018
biodiversity_1823	0.01415888	0.00000021
biodiversity_1825	0.00772184	0.00000022
biodiversity_1826	0.02774934	0.00000031
biodiversity_1827	0.02432489	0.00000031
biodiversity_1828	0.00186181	0.00000020
biodiversity_1829	0.00000019	0.00000019
biodiversity_1830	0.00000021	0.00000021
biodiversity_1831	0.00000023	0.00262956
biodiversity_1832	0.00000067	0.00772750
biodiversity_1833	0.00522797	0.00000036
biodiversity_1834	0.00425004	0.00000023
biodiversity_1836	0.00184882	0.00000015
biodiversity_1837	0.00234725	0.00000017
biodiversity_1840	0.00095619	0.00000018
biodiversity_1841	0.00000014	0.00000014
biodiversity_1842	0.00015545	0.00000017
biodiversity_1843	0.00107138	0.00000030
biodiversity_1845	0.00059445	0.00000021
biodiversity_1846	0.00000017	0.00000017
biodiversity_1847	0.00000020	0.00000020
biodiversity_1848	0.00413976	0.00000022
biodiversity_1849	0.00533565	0.00000018
biodiversity_1850	0.01329452	0.00000022
biodiversity_1853	0.00000015	0.00000015
biodiversity_1854	0.00000017	0.00000017
biodiversity_1855	0.00000019	0.00000019
biodiversity_1857	0.01427279	0.00000019
biodiversity_1858	0.00076171	0.00000014
biodiversity_1859	0.00000016	0.00000016
biodiversity_1860	0.00000019	0.00000019
biodiversity_1861	0.00000015	0.00000015
biodiversity_1862	0.00000015	0.00000015
biodiversity_1863	0.00000019	0.00254534
biodiversity_1867	0.02878184	0.00000022
biodiversity_1868	0.03782898	0.00000024
biodiversity_1870	0.01898105	0.00000022
biodiversity_1871	0.02334901	0.00000026
biodiversity_1872	0.01538509	0.00000024
biodiversity_1873	0.01165034	0.00000025
biodiversity_1874	0.00554149	0.00425414
biodiversity_1875	0.00235489	0.00392920
biodiversity_1876	0.00000021	0.00000021
biodiversity_1877	0.00000021	0.00000021
biodiversity_1879	0.00000068	0.02915112
biodiversity_1880	0.00787418	0.00000037
biodiversity_1882	0.00259231	0.00000018
biodiversity_1883	0.00205205	0.00000016
biodiversity_1884	0.00000017	0.00000017
biodiversity_1885	0.00112153	0.00000015
biodiversity_1886	0.00365413	0.00000020
biodiversity_1888	0.00352398	0.00000021
biodiversity_1889	0.01152871	0.00000019
biodiversity_1891	0.01495716	0.00000044
biodiversity_1893	0.00110013	0.00000019
biodiversity_1896	0.00325476	0.00000019
biodiversity_1897	0.00185341	0.00000019
biodiversity_1899	0.00000013	0.00000013
biodiversity_1900	0.00000014	0.00000014
biodiversity_1901	0.00000015	0.00000015
biodiversity_1902	0.00000014	0.00000014
biodiversity_1903	0.00308357	0.00000017
biodiversity_1905	0.00227620	0.00000015
biodiversity_1907	0.00000017	0.00000017
biodiversity_1909	0.00000009	0.00000009
biodiversity_1910	0.00000005	0.00000005
biodiversity_1912	0.00000014	0.00000014
biodiversity_1915	0.08952817	0.00000035
biodiversity_1916	0.05684489	0.00000027
biodiversity_1917	0.03857490	0.02944675
biodiversity_1919	0.01499041	0.00108936
biodiversity_1920	0.01680733	0.05918977
biodiversity_1921	0.00811793	0.11097270
biodiversity_1922	0.00841809	0.05833646
biodiversity_1923	0.00881175	0.00000031
biodiversity_1924	0.01759968	0.00000026
biodiversity_1926	0.00770256	0.02128368
biodiversity_1929	0.00015584	0.00000020
biodiversity_1930	0.00149305	0.00000020
biodiversity_1934	0.00529529	0.00000023
biodiversity_1936	0.01140520	0.00000019
biodiversity_1939	0.01920445	0.00000057
biodiversity_1941	0.00086221	0.00000017
biodiversity_1943	0.00000013	0.00000013
biodiversity_1944	0.00315198	0.00000020
biodiversity_1945	0.00337089	0.00000022
biodiversity_1946	0.00000017	0.00000017
biodiversity_1948	0.00000019	0.00000019
biodiversity_1950	0.00026718	0.00000010
biodiversity_1952	0.00828049	0.00000019
biodiversity_1953	0.00001446	0.00000013
biodiversity_1954	0.00000018	0.00000018
biodiversity_1956	0.00000013	0.00000013
biodiversity_1957	0.00000008	0.00000008
biodiversity_1958	0.00077116	0.00000012
biodiversity_1959	0.00853421	0.00000021
biodiversity_1960	0.02791345	0.00000025
biodiversity_1961	0.05127907	0.00000033
biodiversity_1962	0.07446898	0.00000039
biodiversity_1963	0.04611720	0.00000028
biodiversity_1965	0.00781063	0.10922378
biodiversity_1967	0.05028264	0.12180536
biodiversity_1968	0.04052856	0.29300727
biodiversity_1971	0.03739756	0.00000029
biodiversity_1972	0.02838834	0.00000032
biodiversity_1973	0.02080261	0.00000069
biodiversity_1975	0.00123745	0.00000022
biodiversity_1976	0.00000020	0.00000020
biodiversity_1977	0.00155893	0.00000023
biodiversity_1979	0.00084490	0.00000020
biodiversity_1980	0.00134692	0.00000019
biodiversity_1982	0.00591600	0.00000021
biodiversity_1983	0.00000014	0.00000014
biodiversity_1984	0.00000048	0.00000048
biodiversity_1985	0.00000060	0.00000060
biodiversity_1986	0.00599393	0.00000051
biodiversity_1987	0.00474744	0.00000028
biodiversity_1988	0.00105055	0.00000021
biodiversity_1989	0.00000010	0.00000010
biodiversity_1991	0.00196694	0.00000016
biodiversity_1993	0.00000021	0.00000021
biodiversity_1996	0.00041065	0.00000014
biodiversity_1998	0.01815489	0.00000026
biodiversity_1999	0.03686514	0.00000027
biodiversity_2000	0.01817085	0.00000021
biodiversity_2001	0.00000018	0.00000018
biodiversity_2002	0.00000015	0.00000015
biodiversity_2006	0.04227231	0.00000027
biodiversity_2007	0.04534645	0.00000028
biodiversity_2008	0.01986995	0.00000024
biodiversity_2009	0.01039945	0.00000025
biodiversity_2011	0.00000055	0.26241916
biodiversity_2012	0.00000046	0.27515182
biodiversity_2013	0.01541426	0.07743066
biodiversity_2014	0.04630786	0.08048717
biodiversity_2015	0.03416758	0.28613300
biodiversity_2016	0.00572802	0.18860785
biodiversity_2017	0.01678850	0.01487995
biodiversity_2019	0.01063178	0.00000031
biodiversity_2020	0.01279907	0.00000068
biodiversity_2022	0.00000016	0.00000016
biodiversity_2023	0.00000016	0.00000016
biodiversity_2024	0.00000014	0.00000014
biodiversity_2026	0.00033709	0.00000017
biodiversity_2027	0.00036375	0.00000017
biodiversity_2029	0.01037807	0.00000026
biodiversity_2031	0.00000020	0.01776109
biodiversity_2032	0.00000021	0.00588264
biodiversity_2033	0.00000021	0.00000021
biodiversity_2036	0.00000012	0.00000012
biodiversity_2037	0.00000015	0.00000015
biodiversity_2042	0.00000013	0.00000013
biodiversity_2043	0.00036282	0.00000012
biodiversity_2044	0.00448834	0.00000017
biodiversity_2047	0.01852398	0.00000021
biodiversity_2048	0.00000013	0.00000013
biodiversity_2049	0.00022772	0.00000013
biodiversity_2050	0.00670121	0.00000018
biodiversity_2051	0.01516292	0.00000021
biodiversity_2053	0.04648647	0.00000026
biodiversity_2054	0.02480043	0.00000022
biodiversity_2058	0.00000067	0.33425253
biodiversity_2059	0.00000047	0.33737977
biodiversity_2060	0.00000038	0.11760662
biodiversity_2061	0.00345532	0.02403513
biodiversity_2062	0.00391995	0.19151526
biodiversity_2063	0.00000025	0.16891523
biodiversity_2065	0.00000021	0.00006153
biodiversity_2066	0.00000018	0.00000018
biodiversity_2067	0.00000065	0.00000065
biodiversity_2069	0.00000016	0.00000016
biodiversity_2070	0.00000017	0.00000017
biodiversity_2072	0.00000016	0.00000016
biodiversity_2073	0.00000017	0.00514326
biodiversity_2077	0.00433179	0.01400651
biodiversity_2078	0.00144718	0.02390896
biodiversity_2082	0.00000024	0.01470646
biodiversity_2083	0.00000014	0.00000014
biodiversity_2084	0.00000016	0.00000016
biodiversity_2085	0.00000016	0.00000016
biodiversity_2086	0.00000017	0.00000017
biodiversity_2088	0.00000022	0.00000022
biodiversity_2090	0.00000010	0.00000010
biodiversity_2091	0.00108753	0.00000012
biodiversity_2093	0.00630338	0.00000023
biodiversity_2096	0.01370449	0.00000020
biodiversity_2097	0.04031736	0.00000026
biodiversity_2098	0.04731390	0.00000028
biodiversity_2099	0.01293918	0.00000028
biodiversity_2100	0.01571885	0.00000026
biodiversity_2101	0.00954668	0.00000020
biodiversity_2103	0.00286399	0.00000023
biodiversity_2104	0.00492208	0.02286843
biodiversity_2105	0.00000054	0.19693685
biodiversity_2108	0.00012331	0.03867149
biodiversity_2110	0.00000024	0.20635765
biodiversity_2111	0.00000042	0.16469470
biodiversity_2112	0.00000038	0.00667821
biodiversity_2114	0.00290931	0.00000065
biodiversity_2115	0.00866191	0.00000041
biodiversity_2116	0.00000020	0.00000020
biodiversity_2117	0.00000020	0.00000020
biodiversity_2119	0.00000018	0.00000018
biodiversity_2120	0.00000022	0.01393399
biodiversity_2121	0.00000019	0.01195401
biodiversity_2123	0.01190585	0.00000027
biodiversity_2125	0.00365453	0.00091156
biodiversity_2128	0.00000017	0.04699542
biodiversity_2130	0.00000015	0.00000015
biodiversity_2131	0.00000017	0.00000017
biodiversity_2133	0.00000016	0.00000016
biodiversity_2134	0.00000017	0.00000017
biodiversity_2135	0.00075408	0.00000021
biodiversity_2136	0.00619079	0.00236292
biodiversity_2139	0.02827241	0.00000029
biodiversity_2140	0.05074934	0.00000032
biodiversity_2141	0.03311632	0.00000032
biodiversity_2142	0.02432821	0.00000033
biodiversity_2143	0.01712583	0.00000025
biodiversity_2144	0.03140645	0.00000026
biodiversity_2146	0.00037681	0.00000028
biodiversity_2147	0.00000110	0.00000023
biodiversity_2148	0.00000022	0.00000022
biodiversity_2151	0.00000146	0.00251126
biodiversity_2157	0.00000027	0.17251950
biodiversity_2158	0.00000051	0.12089796
biodiversity_2159	0.00000047	0.00814116
biodiversity_2160	0.00119658	0.00000027
biodiversity_2161	0.00304821	0.00000068
biodiversity_2162	0.00000048	0.00000048
biodiversity_2164	0.00000026	0.00000026
biodiversity_2165	0.00000015	0.00000015
biodiversity_2168	0.00000019	0.00628433
biodiversity_2169	0.00406399	0.00000021
biodiversity_2170	0.03028587	0.00000028
biodiversity_2177	0.00183575	0.00000017
biodiversity_2179	0.00659432	0.00000023
biodiversity_2180	0.00001531	0.00000017
biodiversity_2181	0.00165750	0.00000015
biodiversity_2182	0.03158187	0.00000021
biodiversity_2184	0.11803435	0.01884338
biodiversity_2185	0.14593851	0.01391322
biodiversity_2188	0.04334311	0.01917599
biodiversity_2190	0.00078924	0.00000024
biodiversity_2191	0.00000025	0.00000025
biodiversity_2194	0.00109608	0.00000021
biodiversity_2195	0.00000017	0.00000017
biodiversity_2196	0.00092513	0.00000020
biodiversity_2198	0.00058401	0.00000023
biodiversity_2199	0.00000029	0.00000029
biodiversity_2201	0.00000030	0.01049657
biodiversity_2202	0.00075631	0.20213840
biodiversity_2203	0.00056805	0.24624456
biodiversity_2208	0.00000073	0.00000073
biodiversity_2209	0.00000056	0.00000056
biodiversity_2210	0.00000036	0.00000036
biodiversity_2212	0.00000011	0.00000011
biodiversity_2213	0.00000019	0.00000019
biodiversity_2214	0.00000013	0.00000013
biodiversity_2215	0.00000014	0.00000014
biodiversity_2216	0.00483746	0.00000025
biodiversity_2217	0.02540870	0.00000028
biodiversity_2219	0.02230221	0.00000027
biodiversity_2220	0.00419485	0.00000020
biodiversity_2221	0.00000016	0.00000016
biodiversity_2224	0.00191598	0.00000018
biodiversity_2227	0.00460291	0.00000021
biodiversity_2228	0.01034677	0.00000021
biodiversity_2229	0.04984854	0.00146222
biodiversity_2230	0.06357798	0.00196385
biodiversity_2233	0.08604708	0.00000025
biodiversity_2234	0.07330494	0.01601093
biodiversity_2236	0.00000019	0.00000019
biodiversity_2237	0.00000023	0.00000023
biodiversity_2238	0.00000023	0.00000023
biodiversity_2240	0.00094563	0.00000018
biodiversity_2242	0.00000026	0.00000026
biodiversity_2244	0.00171664	0.00000024
biodiversity_2246	0.00000027	0.00000027
biodiversity_2253	0.00000022	0.00000022
biodiversity_2254	0.00000040	0.00000040
biodiversity_2257	0.00000027	0.00000027
biodiversity_2259	0.00000015	0.00000015
biodiversity_2260	0.00000014	0.00000014
biodiversity_2261	0.00000013	0.00000013
biodiversity_2262	0.00000017	0.00000017
biodiversity_2265	0.01675536	0.00000023
biodiversity_2266	0.03279046	0.00000028
biodiversity_2267	0.01470478	0.00000024
biodiversity_2268	0.00000017	0.00000017
biodiversity_2269	0.00141419	0.00000020
biodiversity_2270	0.00113743	0.00000016
biodiversity_2272	0.00024848	0.00000015
biodiversity_2273	0.01251746	0.00000020
biodiversity_2274	0.03382463	0.00000028
biodiversity_2275	0.02542832	0.00000025
biodiversity_2276	0.01220467	0.00115082
biodiversity_2277	0.00359607	0.00100373
biodiversity_2278	0.00851590	0.00000014
biodiversity_2280	0.01110400	0.00000017
biodiversity_2281	0.02023800	0.00000024
biodiversity_2283	0.00000018	0.00000018
biodiversity_2284	0.00000015	0.00000015
biodiversity_2285	0.00000031	0.00000031
biodiversity_2286	0.00000022	0.00000022
biodiversity_2287	0.00000019	0.00000019
biodiversity_2289	0.00000026	0.00000026
biodiversity_2295	0.00000020	0.00000020
biodiversity_2296	0.00000025	0.01100988
biodiversity_2298	0.00000031	0.02530669
biodiversity_2299	0.00000027	0.00254019
biodiversity_2300	0.00000020	0.00000020
biodiversity_2301	0.00000056	0.00000056
biodiversity_2302	0.00000089	0.00000089
biodiversity_2305	0.00000018	0.00000018
biodiversity_2308	0.00000012	0.00000012
biodiversity_2312	0.01693083	0.00000022
biodiversity_2315	0.00028069	0.00000017
biodiversity_2316	0.00191642	0.00000018
biodiversity_2320	0.01132565	0.00000021
biodiversity_2321	0.02789517	0.00000026
biodiversity_2322	0.01487559	0.00000022
biodiversity_2324	0.00000017	0.00000017
biodiversity_2325	0.00000013	0.00000013
biodiversity_2326	0.00000013	0.00000013
biodiversity_2327	0.00000015	0.00000015
biodiversity_2328	0.00940494	0.00000022
biodiversity_2330	0.00000018	0.00000018
biodiversity_2331	0.00000015	0.00000015
biodiversity_2333	0.00000025	0.00000025
biodiversity_2334	0.00000025	0.00000025
biodiversity_2335	0.00000017	0.00000017
biodiversity_2336	0.00000018	0.00000018
biodiversity_2337	0.00000024	0.00000024
biodiversity_2340	0.00046966	0.00000025
biodiversity_2342	0.00084205	0.00331979
biodiversity_2344	0.00000022	0.00000022
biodiversity_2349	0.00000097	0.00000097
biodiversity_2352	0.00000046	0.00000046
biodiversity_2353	0.00000026	0.00000026
biodiversity_2354	0.00000016	0.00000016
biodiversity_2355	0.00000013	0.00000013
biodiversity_2356	0.00000017	0.00000017
biodiversity_2357	0.00000019	0.00000019
biodiversity_2358	0.00150839	0.00000018
biodiversity_2359	0.00485186	0.00000019
biodiversity_2361	0.04060296	0.00000029
biodiversity_2363	0.00422733	0.00000016
biodiversity_2364	0.01712301	0.00000022
biodiversity_2370	0.00060773	0.00000018
biodiversity_2374	0.00000011	0.00000011
biodiversity_2375	0.00754829	0.00000022
biodiversity_2379	0.00000025	0.00000025
biodiversity_2382	0.00000021	0.00000021
biodiversity_2383	0.00000021	0.00000021
biodiversity_2384	0.00000023	0.00000023
biodiversity_2385	0.00000026	0.00000026
biodiversity_2386	0.00000027	0.00000027
biodiversity_2388	0.00143777	0.04900758
biodiversity_2393	0.00000052	0.11893987
biodiversity_2395	0.00000092	0.00000092
biodiversity_2398	0.00000072	0.00000072
biodiversity_2399	0.00000067	0.00000067
biodiversity_2400	0.00000067	0.00000067
biodiversity_2403	0.00000068	0.00000068
biodiversity_2405	0.03790894	0.00000069
biodiversity_2407	0.00615578	0.00000069
biodiversity_2411	0.05218432	0.00000071
biodiversity_2412	0.01658799	0.00000071
biodiversity_2413	0.00000070	0.00000070
biodiversity_2414	0.00000070	0.00000070
biodiversity_2415	0.00000070	0.00000070
biodiversity_2416	0.00000071	0.00000071
biodiversity_2417	0.00000070	0.00000070
biodiversity_2418	0.00000089	0.00000089
biodiversity_2419	0.00000070	0.00000070
biodiversity_2420	0.00625069	0.00000072
biodiversity_2424	0.00000073	0.00000073
biodiversity_2425	0.00000076	0.00000076
biodiversity_2426	0.00000072	0.00000072
biodiversity_2427	0.00000072	0.00000072
biodiversity_2429	0.00000073	0.00000073
biodiversity_2430	0.00000073	0.00000073
biodiversity_2432	0.00000073	0.00000073
biodiversity_2433	0.00000074	0.12422628
biodiversity_2436	0.00000076	0.00000076
biodiversity_2437	0.00000079	0.02212787
biodiversity_2438	0.00000088	0.06284882
biodiversity_2439	0.00000097	0.04186834
biodiversity_2440	0.00000100	0.00000100
col1_0002	0.02724820	0.00000045
col1_0003	0.06834022	0.00000031
col1_0004	0.13757729	0.00000039
col1_0005	0.15633201	0.00000066
col1_0006	0.04836725	0.00000092
col1_0007	0.01850068	0.00000046
col1_0008	0.01245353	0.00000030
col1_0009	0.00140298	0.00000026
col1_0010	0.00729011	0.00000024
col1_0011	0.03418888	0.00000037
col1_0012	0.04777714	0.00000077
col1_0013	0.01619130	0.00000038
col1_0014	0.01510856	0.00000035
col1_0015	0.00617629	0.00000029
col1_0016	0.00606705	0.00000028
col1_0017	0.01397296	0.00348183
col1_0018	0.03166932	0.01223400
col1_0019	0.00909018	0.00000044
col1_0021	0.00665024	0.00000032
col1_0022	0.00775661	0.00000032
col1_0023	0.02494047	0.00840298
col1_0024	0.04395769	0.02012689
col1_0025	0.00230879	0.00000066
col1_0026	0.00041447	0.00000034
col1_0027	0.00048469	0.00000023
col1_0028	0.00969327	0.00000037
col1_0029	0.03815568	0.00566201
col1_0030	0.03188953	0.00795142
col1_0031	0.00000091	0.00000091
col1_0032	0.00000076	0.00000076
col1_0033	0.00254628	0.00000068
col1_0034	0.01914907	0.00000075
col1_0035	0.01970833	0.00000090
col1_0036	0.00000099	0.00000099
den0_0004	0.00199023	0.00012071
den0_0005	0.00000090	0.00000090
den0_0007	0.00316112	0.00000019
den0_0008	0.00301137	0.00000021
den0_0009	0.00086905	0.00000031
den0_0010	0.00000071	0.00000071
den0_0011	0.01191583	0.00368716
den0_0012	0.00243566	0.00000014
den0_0013	0.00000008	0.00000008
den0_0015	0.00000065	0.00000065
den0_0016	0.00913134	0.00000022
den0_0017	0.00132049	0.00000011
den0_0018	0.00000010	0.00000010
den0_0019	0.00000013	0.00000013
den0_0020	0.00362660	0.00000058
den0_0021	0.00026077	0.00000017
den0_0022	0.00000009	0.00000009
den0_0024	0.00246124	0.00000018
den0_0025	0.01365383	0.00000062
den0_0026	0.00446213	0.00000022
den0_0027	0.00268098	0.00000015
den0_0028	0.00158237	0.00000012
den0_0029	0.01092905	0.00000039
den0_0030	0.01993671	0.00000079
den0_0031	0.01640798	0.00000025
den0_0032	0.00675086	0.00000020
den0_0033	0.01343073	0.00000029
den0_0035	0.00909420	0.00000094
den0_0036	0.04715904	0.00000022
den0_0037	0.04467750	0.00000023
den0_0038	0.03889688	0.00000055
den0_0039	0.01779128	0.00000087
den0_0041	0.12668341	0.00000031
den0_0042	0.18588778	0.00000048
den0_0043	0.06264435	0.00000082
den0_0044	0.00308028	0.00000098
den0_0046	0.19329166	0.00000069
den0_0047	0.18777454	0.00000079
den0_0048	0.03789934	0.00000097
den1_0001	0.00000070	0.00000070
den1_0002	0.01323306	0.00000053
den1_0003	0.02617147	0.00000038
den1_0004	0.01787447	0.00000041
den1_0006	0.00000046	0.00000046
den1_0007	0.00509422	0.00000017
den1_0008	0.01497482	0.00000017
den1_0011	0.00000041	0.00000041
den1_0012	0.00280888	0.00000017
den1_0013	0.01786252	0.00000019
den1_0014	0.03251427	0.00000038
den1_0015	0.00680508	0.00000080
den1_0017	0.00229893	0.00000016
den1_0018	0.02986934	0.00000034
den1_0019	0.05548824	0.00000070
den1_0021	0.00595695	0.00000067
den1_0022	0.00859344	0.00000070
den1_0023	0.03226138	0.00000077
den1_0024	0.03182146	0.00000091
den2_0001	0.00000069	0.00036993
den2_0002	0.00000077	0.00041157
den2_0003	0.00000061	0.00032781
den2_0004	0.00000079	0.00042358
den2_0005	0.00000065	0.00000065
den2_0006	0.00000092	0.00000092
den2_0007	0.00000075	0.00000075
den2_0008	0.00000098	0.00000098
den3_0001	0.00000075	0.00000075
den3_0003	0.00843605	0.03972092
den3_0004	0.01171975	0.05981701
den3_0005	0.00000044	0.00000044
den3_0007	0.00611517	0.01585816
den3_0008	0.01259120	0.03335365
den3_0009	0.00000066	0.00000066
den3_0010	0.00000032	0.00000032
den3_0011	0.00497988	0.00000056
den3_0013	0.00000091	0.00000091
den3_0014	0.00000076	0.00000076
den4_0001	0.00000096	0.00000096
den4_0002	0.00000079	0.00000079
den4_0003	0.00151593	0.00000053
den4_0005	0.00000078	0.00000078
den4_0006	0.00171844	0.00000045
den4_0007	0.00582245	0.00000032
den4_0008	0.01131543	0.00000056
den4_0009	0.01752364	0.00000075
den4_0010	0.00403819	0.00000020
den4_0011	0.00923555	0.00000033
den4_0012	0.00732444	0.00000063
den4_0013	0.02186439	0.00000047
den4_0014	0.00559457	0.00000018
den4_0015	0.01044834	0.00000048
den4_0016	0.00000075	0.00000075
den4_0017	0.01924289	0.00000065
den4_0018	0.00596266	0.00000042
den4_0019	0.00532333	0.00000057
den4_0020	0.00000087	0.00000087
den5_0001	0.00906852	0.00000052
den5_0003	0.00003405	0.00000042
den5_0004	0.00018597	0.00000075
den5_0005	0.00000066	0.00000066
den5_0006	0.00000087	0.00000087
den6_0002	0.00000077	0.00000077
den6_0003	0.00209117	0.00000050
den6_0004	0.00000080	0.00000080
den6_0005	0.01005462	0.00000066
den6_0006	0.00389459	0.00000089
ireland1_0005	0.00000094	0.12001977
ireland1_0006	0.00000074	0.33361140
ireland1_0013	0.00000085	0.23733063
ireland1_0014	0.00000047	0.36721190
ireland1_0015	0.00000014	0.13703566
ireland1_0017	0.02720067	0.00000098
ireland1_0018	0.03306566	0.00000096
ireland1_0020	0.00000100	0.00054069
ireland1_0021	0.00000083	0.27561347
ireland1_0022	0.00007531	0.33871833
ireland1_0023	0.00041148	0.26643635
ireland1_0024	0.00088486	0.30007641
ireland1_0025	0.03792819	0.00000089
ireland1_0026	0.04574682	0.00000072
ireland1_0027	0.02228155	0.01135030
ireland1_0029	0.00670515	0.16997646
ireland1_0030	0.00702795	0.30870556
ireland1_0032	0.00107710	0.13329839
ireland1_0033	0.01129426	0.00000075
ireland1_0034	0.01571381	0.00000037
ireland1_0035	0.01992418	0.00626611
ireland1_0036	0.01255399	0.02250682
ireland1_0037	0.00592972	0.04867937
ireland1_0038	0.00949528	0.06935973
ireland1_0039	0.00568195	0.03362237
ireland1_0041	0.00000056	0.00000056
ireland1_0042	0.00625384	0.00000022
ireland1_0043	0.00929853	0.00000024
ireland1_0044	0.00333597	0.00781815
ireland1_0045	0.00000056	0.02607025
ireland1_0049	0.01034398	0.00000426
ireland1_0050	0.01246108	0.00000243
ireland1_0051	0.01299962	0.00075832
ireland1_0052	0.00724819	0.00096638
ireland1_0053	0.00068028	0.04135746
ireland1_0054	0.00000080	0.08109023
ireland1_0055	0.00000099	0.00037639
ireland1_0057	0.01546018	0.00000637
ireland1_0058	0.01639317	0.00191924
ireland1_0059	0.01109310	0.00676261
ireland1_0060	0.00832568	0.03136592
ireland1_0061	0.00063928	0.06187172
ireland1_0062	0.00000072	0.06210367
ireland1_0063	0.00000099	0.00037478
ireland1_0066	0.00321251	0.00281003
ireland1_0068	0.00000046	0.04750970
ireland1_0069	0.00000065	0.05897947
ireland1_0071	0.00000100	0.00000100
ireland1_0073	0.00000099	0.00000099
ireland1_0074	0.00000090	0.00000090
ireland1_0075	0.00000073	0.00007360
ireland1_0076	0.00000076	0.00807940
ireland1_0077	0.00000092	0.00965954
ireland1_0078	0.00000099	0.00000099
ireland2_0002	0.00000095	0.00000095
ireland2_0004	0.06498169	0.00000065
ireland2_0005	0.08013065	0.00000084
ireland2_0006	0.00000075	0.00000075
ireland2_0007	0.00000083	0.00000083
ireland2_0010	0.01408541	0.01999449
ireland2_0012	0.00874915	0.01051422
ireland2_0013	0.04967193	0.01092119
ireland2_0015	0.00303777	0.03966549
ireland2_0016	0.00000081	0.00000081
ireland2_0019	0.01354452	0.01468481
ireland2_0020	0.01759048	0.00212881
ireland2_0021	0.01039056	0.00825319
ireland2_0023	0.00968714	0.21117197
ireland2_0024	0.00328889	0.22234002
ireland2_0025	0.00000092	0.00814205
ireland2_0028	0.00506800	0.00066521
ireland2_0029	0.01129358	0.00000119
ireland2_0030	0.01240908	0.00256838
ireland2_0032	0.00484118	0.20461056
ireland2_0033	0.00024452	0.37574852
ireland2_0034	0.00080883	0.09845874
ireland2_0037	0.00414477	0.00000073
ireland2_0039	0.00848158	0.00303683
ireland2_0040	0.00854981	0.13942814
ireland2_0041	0.00194081	0.17210481
ireland2_0042	0.00161829	0.34410115
ireland2_0043	0.00321007	0.32856635
ireland2_0044	0.00045029	0.11690532
ireland2_0046	0.00000096	0.00000096
ireland2_0048	0.00601076	0.05351920
ireland2_0049	0.00200361	0.13580207
ireland2_0050	0.00004776	0.10080356
ireland2_0051	0.00037123	0.10558505
ireland2_0052	0.00180950	0.37749194
ireland2_0053	0.00000087	0.20632272
ireland2_0055	0.00000100	0.00000100
ireland2_0056	0.00145596	0.10026707
ireland2_0058	0.00000028	0.22854574
ireland2_0059	0.00000005	0.04674226
ireland2_0060	0.00000005	0.05105334
ireland2_0061	0.00000047	0.36574929
ireland2_0067	0.00000016	0.15326909
ireland2_0068	0.00000001	0.01239307
ireland2_0069	0.00000002	0.01694411
ireland2_0070	0.00000032	0.28755309
ireland2_0071	0.00000069	0.36065692
ireland2_0072	0.00000094	0.11835009
ireland2_0075	0.00000074	0.33518730
ireland2_0076	0.00000024	0.22359401
ireland2_0077	0.00000000	0.00403222
ireland2_0078	0.00000001	0.00857201
ireland2_0079	0.00000006	0.06452785
ireland2_0080	0.00000048	0.35923513
ireland2_0081	0.00000085	0.21729851
ireland2_0084	0.00000080	0.28556940
ireland2_0085	0.00000038	0.32498545
ireland2_0086	0.00000000	0.00100000
ireland2_0087	0.00000002	0.01637160
ireland2_0088	0.00000008	0.07823362
ireland2_0089	0.00000039	0.31353100
ireland2_0093	0.00000085	0.23833356
ireland2_0094	0.00000047	0.36547035
ireland2_0095	0.00000003	0.03150910
ireland2_0096	0.00000005	0.04781222
ireland2_0097	0.00000016	0.15413305
ireland2_0098	0.00000025	0.22521662
ireland2_0102	0.00000087	0.20672660
ireland2_0104	0.00000004	0.04226443
ireland2_0106	0.00000007	0.06881592
ireland2_0107	0.00000007	0.06851325
ireland2_0108	0.00000054	0.38063815
ireland2_0112	0.00000060	0.38390994
ireland2_0113	0.00000006	0.06098377
ireland2_0114	0.00000001	0.00594410
ireland2_0116	0.00000000	0.00100000
ireland2_0120	0.00000099	0.03006692
ireland2_0121	0.00000074	0.33443533
ireland2_0122	0.00000028	0.25845520
ireland2_0125	0.00000000	0.00100000
ireland2_0126	0.00000032	0.28390196
ireland2_0130	0.00000087	0.22124370
ireland2_0131	0.00000050	0.37394746
ireland2_0132	0.00000000	0.00100000
ireland2_0134	0.00000012	0.11385151
ireland2_0140	0.00000072	0.34722455
ireland2_0141	0.00000046	0.35135871
ireland2_0142	0.00000046	0.34686961
ireland2_0143	0.00000044	0.34221447
ireland2_0144	0.00000077	0.31564850
ireland2_0148	0.00000100	0.00074479
ireland2_0149	0.00000092	0.14187140
ireland2_0151	0.00000067	0.25740590
ireland2_0152	0.00000069	0.30717591
ireland2_0153	0.00000091	0.16043834
ireland2_0160	0.00000088	0.16446131
ireland2_0161	0.00000086	0.19240226
ireland2_0162	0.00000099	0.04049676
ireland2_0169	0.00000098	0.06380597
